Workbook

Sheet Dashboard
A1: 📊 CAPITALO Economy — Dashboard
A2: Kluczowe metryki ekonomii. Jeśli liczby tu wyglądają OK, gra będzie miała dobry pacing.
A4: 🎯 KEY MILESTONES
A5: Milestone | B5: Hour reached | C5: Cumulative $ | D5: Status | E5: Goal
A6: Tech unlock ($1k) | B6: =IFERROR(MATCH(TRUE(),INDEX(Progression!F5:F64>=1000,0),0),"60+ h") -> 3 | C6: 1000 | D6: ✓ check Progression sheet | E6: h <= 5
A7: Food unlock ($50k) | B7: =IFERROR(MATCH(TRUE(),INDEX(Progression!F5:F64>=50000,0),0),"60+ h") -> 17 | C7: 50000 | D7: ✓ check Progression sheet | E7: h <= 30
A8: Home unlock ($1M) | B8: =IFERROR(MATCH(TRUE(),INDEX(Progression!F5:F64>=1000000,0),0),"60+ h") -> 31 | C8: 1000000 | D8: ✓ check Progression sheet | E8: h <= 45
A9: Beauty unlock ($50M) | B9: =IFERROR(MATCH(TRUE(),INDEX(Progression!F5:F64>=50000000,0),0),"60+ h") -> 48 | C9: 50000000 | D9: ✓ check Progression sheet | E9: h <= 55
A10: First prestige ($1B) | B10: =IFERROR(MATCH(TRUE(),INDEX(Progression!F5:F64>=1000000000,0),0),"60+ h") -> 60+ h | C10: 1000000000 | D10: ✓ check Progression sheet | E10: h ≈ 60-65
A12: 📈 PROGRESSION SUMMARY
A13: Total earned @ 60h | B13: =Progression!F64 -> 7.9934862e+08 | C13: Powinno być blisko 1B dla prestige
A14: Income/sec @ 60h | B14: =Progression!D64 -> 228385.66 | C14: Wysokie = gracz już generuje sporo
A15: Hourly earnings @ 60h | B15: =Progression!E64 -> 1.5986996e+08 | C15: Per godzina gameplay
A16: Categories unlocked @ 60h | B16: =Progression!G64 -> 5 | C16: Powinno być 4-6 z 10
A18: 🔄 PRESTIGE METRICS
A19: IP gained from 1st prestige | B19: =Prestige_Loop!C5 -> 1 | C19: Powinno być 1-3 IP - słaba ale satysfakcjonująca pierwsza nagroda
A20: IP gained from 5th prestige | B20: =Prestige_Loop!C9 -> 9 | C20: Tu krzywa zaczyna naprawdę rosnąć
A21: Total IP po 10 prestiżach | B21: =Prestige_Loop!D14 -> 328 | C21: Sumarycznie do tego momentu
A22: Multiplier po 10 prestiżach | B22: =Prestige_Loop!E14 -> 656 | C22: % bonus do income permanent
A23: Total godzin do 10 prestiżu | B23: =SUM(Prestige_Loop!F5:F14) -> 426.81274 | C23: Suma godzin gameplay
A25: 🔧 TUNING GUIDE
A26: 💡 Jeśli pierwszy prestige < 40h: zwiększ prestige_base_threshold (Parameters!B26) lub zmniejsz hourly_growth_rate (Parameters!B42)
A27: 💡 Jeśli pierwszy prestige > 80h: zmniejsz prestige_base_threshold lub zwiększ hourly_growth_rate
A28: 💡 Jeśli kategorie odblokowują się za szybko: zwiększ unlock_cost w Shop_Categories (kolumna D)
A29: 💡 Jeśli kategorie nie odblokowują się: zmniejsz unlock_cost
A30: 💡 Jeśli upgrade'y są za drogie: zmniejsz shop_level_cost_growth do 1.13 (Parameters!B7)
A31: 💡 Jeśli upgrade'y są za tanie: zwiększ shop_level_cost_growth do 1.17
A32: 💡 Po 5 prestiżach gracz powinien czuć 'znaczący' boost — sprawdź multiplier @ 5 w Prestige_Loop

Sheet Parameters
A1: CAPITALO — Economy Parameters
A2: Edytuj wartości w żółtych komórkach. Pozostałe arkusze przeliczają się automatycznie.
A4: CORE ECONOMY
A5: Parameter | B5: Value | C5: Unit | D5: Notes
A6: starting_money | B6: 50 | C6: $ | D6: Kasa na start gry
A7: shop_level_cost_growth | B7: 1.15 | C7: x | D7: Koszt N+1 levelu = N * X. AdVenture Capitalist używa 1.15
A8: shop_income_growth | B8: 1.07 | C8: x | D8: Income N+1 levelu = N * X
A9: category_base_multiplier | B9: 5.6 | C9: x | D9: Każda kolejna kategoria sklepów ma X razy większy base income
A10: manager_base_multiplier | B10: 2 | C10: x | D10: Manager od razu daje x2 income
A11: manager_level_bonus | B11: 0.1 | C11: % | D11: +X% za każdy level managera (1-10)
A12: brand_rep_neutral | B12: 3 | C12: stars | D12: Neutralna reputacja
A13: rep_per_star_bonus | B13: 0.1 | C13: % | D13: +X% income per gwiazdka powyżej neutral
A15: MARKETING CAMPAIGNS
A16: Campaign | B16: Cost ($) | C16: Cooldown (s) | D16: Success % | E16: Viral % | F16: Customers Min | G16: Customers Max | H16: Unlocks at
A17: Flyers | B17: 5 | C17: 2 | D17: 80 | E17: 1 | F17: 5 | G17: 10 | H17: Start
A18: Facebook Ads | B18: 50 | C18: 5 | D18: 70 | E18: 5 | F18: 30 | G18: 80 | H18: $1k earned
A19: Google Ads | B19: 80 | C19: 5 | D19: 75 | E19: 3 | F19: 40 | G19: 100 | H19: Tech: Targeting
A20: Influencer | B20: 500 | C20: 30 | D20: 60 | E20: 15 | F20: 200 | G20: 2000 | H20: $50k earned
A21: TV Spot | B21: 5000 | C21: 120 | D21: 90 | E21: 8 | F21: 1000 | G21: 5000 | H21: $1M earned
A22: TikTok Viral | B22: 200 | C22: 60 | D22: 40 | E22: 25 | F22: 50 | G22: 50000 | H22: Tech: Viral Studio II
A23: Super Bowl Ad | B23: 10000000 | C23: 3600 | D23: 95 | E23: 30 | F23: 100000 | G23: 500000 | H23: Endgame
A25: PRESTIGE & META
A26: Parameter | B26: Value | C26: Unit | D26: Notes
A27: prestige_base_threshold | B27: 1000000000 | C27: $ | D27: Total earned dla 1 IP
A28: prestige_exponent | B28: 0.5 | C28: exp | D28: Wykładnik krzywej IP. 0.5 = sqrt
A29: prestige_multiplier_per_ip | B29: 0.02 | C29: % | D29: +X% income permanent per IP
A30: offline_cap_hours | B30: 8 | C30: h | D30: Max godzin offline earnings
A31: offline_efficiency | B31: 0.5 | C31: % | D31: X% online rate gdy offline
A32: offline_ad_boost | B32: 2 | C32: x | D32: Watch ad → x2 offline earnings
A34: PLAYER BEHAVIOR ASSUMPTIONS
A35: Parameter | B35: Value | C35: Unit | D35: Notes
A36: clicks_per_minute_active | B36: 15 | C36: clicks/min | D36: Aktywne klikanie kampanii na minutę
A37: active_session_minutes | B37: 10 | C37: min | D37: Średnia długość aktywnej sesji
A38: sessions_per_day | B38: 4 | C38: /day | D38: Ile razy gracz odpala grę dziennie
A39: offline_hours_avg | B39: 6 | C39: h | D39: Średnio ile godzin między sesjami
A40: upgrade_efficiency | B40: 0.7 | C40: % | D40: Jak optymalnie gracz wydaje kasę (1.0 = perfect)
A41: avg_campaign_revenue_multiplier | B41: 1.5 | C41: x | D41: Średnia mnożnika przychodu z kampanii (success/viral/fail)
A42: hourly_growth_rate | B42: 1.25 | C42: x | D42: Wzrost income/sec na godzinę aktywnej gry. WAŻNE - reguluje tempo

Sheet Shop_Categories
A1: Shop Categories — Base Income Skalowanie
A2: Każda kategoria ma base income = poprzednia * category_base_multiplier (z Parameters).
A4: Order | B4: Category | C4: Base Income ($/sec) | D4: Unlock Cost ($) | E4: Phase | F4: Notes
A5: 1 | B5: Fashion | C5: 1 | D5: 0 | E5: Phase 1 (MVP) | F5: Kategoria startowa
A6: 2 | B6: Tech | C6: =C5*Parameters!$B$9 -> 5.6 | D6: 1000 | E6: Phase 1 (MVP) | F6: Elektronika, gadżety
A7: 3 | B7: Food | C7: =C6*Parameters!$B$9 -> 31.36 | D7: 50000 | E7: Phase 1 (MVP) | F7: Restauracje, fast food
A8: 4 | B8: Home | C8: =C7*Parameters!$B$9 -> 175.616 | D8: 1000000 | E8: Phase 2 | F8: Meble, dekoracje
A9: 5 | B9: Beauty | C9: =C8*Parameters!$B$9 -> 983.4496 | D9: 50000000 | E9: Phase 2 | F9: Kosmetyki, perfumy
A10: 6 | B10: Books & Media | C10: =C9*Parameters!$B$9 -> 5507.3178 | D10: 1000000000 | E10: Phase 2 | F10: Książki, vinyle
A11: 7 | B11: Toys | C11: =C10*Parameters!$B$9 -> 30840.979 | D11: 100000000000 | E11: Phase 2 | F11: Zabawki, kolekcjonerskie
A12: 8 | B12: Sports | C12: =C11*Parameters!$B$9 -> 172709.48 | D12: 10000000000000 | E12: Phase 2 | F12: Sprzęt sportowy
A13: 9 | B13: Luxury | C13: =C12*Parameters!$B$9 -> 967173.12 | D13: 1e+15 | E13: Phase 3 | F13: Jubiler, designer goods
A14: 10 | B14: Marketplace | C14: =C13*Parameters!$B$9 -> 5416169.4 | D14: 1e+17 | E14: Phase 3 | F14: Endgame: meta-poziom
A17: LEVEL CURVE — Fashion (Category 1)
A18: Pokazuje jak rośnie koszt i income z każdym levelem (Fashion shop, base = 1.0 $/sec)
A19: Level | B19: Level Cost ($) | C19: Income/sec ($) | D19: Income/sec with Manager | E19: Cost/Income Ratio (s) | F19: Cumulative Cost
A20: 1 | B20: =10*POWER(Parameters!$B$7,0) -> 10 | C20: =$C$5*POWER(Parameters!$B$8,1) -> 1.07 | D20: =C20*Parameters!$B$10 -> 2.14 | E20: =B20/D20 -> 4.6728972 | F20: =B20 -> 10
A21: 2 | B21: =10*POWER(Parameters!$B$7,1) -> 11.5 | C21: =$C$5*POWER(Parameters!$B$8,2) -> 1.1449 | D21: =C21*Parameters!$B$10 -> 2.2898 | E21: =B21/D21 -> 5.0222727 | F21: =F20+B21 -> 21.5
A22: 3 | B22: =10*POWER(Parameters!$B$7,2) -> 13.225 | C22: =$C$5*POWER(Parameters!$B$8,3) -> 1.225043 | D22: =C22*Parameters!$B$10 -> 2.450086 | E22: =B22/D22 -> 5.3977697 | F22: =F21+B22 -> 34.725
A23: 4 | B23: =10*POWER(Parameters!$B$7,3) -> 15.20875 | C23: =$C$5*POWER(Parameters!$B$8,4) -> 1.310796 | D23: =C23*Parameters!$B$10 -> 2.621592 | E23: =B23/D23 -> 5.8013413 | F23: =F22+B23 -> 49.93375
A24: 5 | B24: =10*POWER(Parameters!$B$7,4) -> 17.490063 | C24: =$C$5*POWER(Parameters!$B$8,5) -> 1.4025517 | D24: =C24*Parameters!$B$10 -> 2.8051035 | E24: =B24/D24 -> 6.2350864 | F24: =F23+B24 -> 67.423812
A25: 6 | B25: =10*POWER(Parameters!$B$7,5) -> 20.113572 | C25: =$C$5*POWER(Parameters!$B$8,6) -> 1.5007304 | D25: =C25*Parameters!$B$10 -> 3.0014607 | E25: =B25/D25 -> 6.7012611 | F25: =F24+B25 -> 87.537384
A26: 7 | B26: =10*POWER(Parameters!$B$7,6) -> 23.130608 | C26: =$C$5*POWER(Parameters!$B$8,7) -> 1.6057815 | D26: =C26*Parameters!$B$10 -> 3.211563 | E26: =B26/D26 -> 7.20229 | F26: =F25+B26 -> 110.66799
A27: 8 | B27: =10*POWER(Parameters!$B$7,7) -> 26.600199 | C27: =$C$5*POWER(Parameters!$B$8,8) -> 1.7181862 | D27: =C27*Parameters!$B$10 -> 3.4363724 | E27: =B27/D27 -> 7.7407789 | F27: =F26+B27 -> 137.26819
A28: 9 | B28: =10*POWER(Parameters!$B$7,8) -> 30.590229 | C28: =$C$5*POWER(Parameters!$B$8,9) -> 1.8384592 | D28: =C28*Parameters!$B$10 -> 3.6769184 | E28: =B28/D28 -> 8.3195288 | F28: =F27+B28 -> 167.85842
A29: 10 | B29: =10*POWER(Parameters!$B$7,9) -> 35.178763 | C29: =$C$5*POWER(Parameters!$B$8,10) -> 1.9671514 | D29: =C29*Parameters!$B$10 -> 3.9343027 | E29: =B29/D29 -> 8.9415496 | F29: =F28+B29 -> 203.03718
A30: 11 | B30: =10*POWER(Parameters!$B$7,10) -> 40.455577 | C30: =$C$5*POWER(Parameters!$B$8,11) -> 2.104852 | D30: =C30*Parameters!$B$10 -> 4.2097039 | E30: =B30/D30 -> 9.6100767 | F30: =F29+B30 -> 243.49276
A31: 12 | B31: =10*POWER(Parameters!$B$7,11) -> 46.523914 | C31: =$C$5*POWER(Parameters!$B$8,12) -> 2.2521916 | D31: =C31*Parameters!$B$10 -> 4.5043832 | E31: =B31/D31 -> 10.328587 | F31: =F30+B31 -> 290.01667
A32: 13 | B32: =10*POWER(Parameters!$B$7,12) -> 53.502501 | C32: =$C$5*POWER(Parameters!$B$8,13) -> 2.409845 | D32: =C32*Parameters!$B$10 -> 4.81969 | E32: =B32/D32 -> 11.100818 | F32: =F31+B32 -> 343.51917
A33: 14 | B33: =10*POWER(Parameters!$B$7,13) -> 61.527876 | C33: =$C$5*POWER(Parameters!$B$8,14) -> 2.5785342 | D33: =C33*Parameters!$B$10 -> 5.1570683 | E33: =B33/D33 -> 11.930786 | F33: =F32+B33 -> 405.04705
A34: 15 | B34: =10*POWER(Parameters!$B$7,14) -> 70.757058 | C34: =$C$5*POWER(Parameters!$B$8,15) -> 2.7590315 | D34: =C34*Parameters!$B$10 -> 5.5180631 | E34: =B34/D34 -> 12.822807 | F34: =F33+B34 -> 475.80411
A35: 16 | B35: =10*POWER(Parameters!$B$7,15) -> 81.370616 | C35: =$C$5*POWER(Parameters!$B$8,16) -> 2.9521637 | D35: =C35*Parameters!$B$10 -> 5.9043275 | E35: =B35/D35 -> 13.781521 | F35: =F34+B35 -> 557.17472
A36: 17 | B36: =10*POWER(Parameters!$B$7,16) -> 93.576209 | C36: =$C$5*POWER(Parameters!$B$8,17) -> 3.1588152 | D36: =C36*Parameters!$B$10 -> 6.3176304 | E36: =B36/D36 -> 14.811916 | F36: =F35+B36 -> 650.75093
A37: 18 | B37: =10*POWER(Parameters!$B$7,17) -> 107.61264 | C37: =$C$5*POWER(Parameters!$B$8,18) -> 3.3799323 | D37: =C37*Parameters!$B$10 -> 6.7598646 | E37: =B37/D37 -> 15.919349 | F37: =F36+B37 -> 758.36357
A38: 19 | B38: =10*POWER(Parameters!$B$7,18) -> 123.75454 | C38: =$C$5*POWER(Parameters!$B$8,19) -> 3.6165275 | D38: =C38*Parameters!$B$10 -> 7.2330551 | E38: =B38/D38 -> 17.10958 | F38: =F37+B38 -> 882.11811
A39: 20 | B39: =10*POWER(Parameters!$B$7,19) -> 142.31772 | C39: =$C$5*POWER(Parameters!$B$8,20) -> 3.8696845 | D39: =C39*Parameters!$B$10 -> 7.7393689 | E39: =B39/D39 -> 18.388801 | F39: =F38+B39 -> 1024.4358
A40: 21 | B40: =10*POWER(Parameters!$B$7,20) -> 163.66537 | C40: =$C$5*POWER(Parameters!$B$8,21) -> 4.1405624 | D40: =C40*Parameters!$B$10 -> 8.2811247 | E40: =B40/D40 -> 19.763665 | F40: =F39+B40 -> 1188.1012
A41: 22 | B41: =10*POWER(Parameters!$B$7,21) -> 188.21518 | C41: =$C$5*POWER(Parameters!$B$8,22) -> 4.4304017 | D41: =C41*Parameters!$B$10 -> 8.8608035 | E41: =B41/D41 -> 21.241322 | F41: =F40+B41 -> 1376.3164
A42: 23 | B42: =10*POWER(Parameters!$B$7,22) -> 216.44746 | C42: =$C$5*POWER(Parameters!$B$8,23) -> 4.7405299 | D42: =C42*Parameters!$B$10 -> 9.4810597 | E42: =B42/D42 -> 22.829458 | F42: =F41+B42 -> 1592.7638
A43: 24 | B43: =10*POWER(Parameters!$B$7,23) -> 248.91458 | C43: =$C$5*POWER(Parameters!$B$8,24) -> 5.072367 | D43: =C43*Parameters!$B$10 -> 10.144734 | E43: =B43/D43 -> 24.536334 | F43: =F42+B43 -> 1841.6784
A44: 25 | B44: =10*POWER(Parameters!$B$7,24) -> 286.25176 | C44: =$C$5*POWER(Parameters!$B$8,25) -> 5.4274326 | D44: =C44*Parameters!$B$10 -> 10.854865 | E44: =B44/D44 -> 26.370826 | F44: =F43+B44 -> 2127.9302
A45: 26 | B45: =10*POWER(Parameters!$B$7,25) -> 329.18953 | C45: =$C$5*POWER(Parameters!$B$8,26) -> 5.8073529 | D45: =C45*Parameters!$B$10 -> 11.614706 | E45: =B45/D45 -> 28.342476 | F45: =F44+B45 -> 2457.1197
A46: 27 | B46: =10*POWER(Parameters!$B$7,26) -> 378.56796 | C46: =$C$5*POWER(Parameters!$B$8,27) -> 6.2138676 | D46: =C46*Parameters!$B$10 -> 12.427735 | E46: =B46/D46 -> 30.46154 | F46: =F45+B46 -> 2835.6877
A47: 28 | B47: =10*POWER(Parameters!$B$7,27) -> 435.35315 | C47: =$C$5*POWER(Parameters!$B$8,28) -> 6.6488384 | D47: =C47*Parameters!$B$10 -> 13.297677 | E47: =B47/D47 -> 32.739038 | F47: =F46+B47 -> 3271.0408
A48: 29 | B48: =10*POWER(Parameters!$B$7,28) -> 500.65612 | C48: =$C$5*POWER(Parameters!$B$8,29) -> 7.114257 | D48: =C48*Parameters!$B$10 -> 14.228514 | E48: =B48/D48 -> 35.186817 | F48: =F47+B48 -> 3771.6969
A49: 30 | B49: =10*POWER(Parameters!$B$7,29) -> 575.75454 | C49: =$C$5*POWER(Parameters!$B$8,30) -> 7.612255 | D49: =C49*Parameters!$B$10 -> 15.22451 | E49: =B49/D49 -> 37.817607 | F49: =F48+B49 -> 4347.4515
A50: 31 | B50: =10*POWER(Parameters!$B$7,30) -> 662.11772 | C50: =$C$5*POWER(Parameters!$B$8,31) -> 8.1451129 | D50: =C50*Parameters!$B$10 -> 16.290226 | E50: =B50/D50 -> 40.645092 | F50: =F49+B50 -> 5009.5692
A51: 32 | B51: =10*POWER(Parameters!$B$7,31) -> 761.43538 | C51: =$C$5*POWER(Parameters!$B$8,32) -> 8.7152708 | D51: =C51*Parameters!$B$10 -> 17.430542 | E51: =B51/D51 -> 43.683977 | F51: =F50+B51 -> 5771.0046
A52: 33 | B52: =10*POWER(Parameters!$B$7,32) -> 875.65068 | C52: =$C$5*POWER(Parameters!$B$8,33) -> 9.3253398 | D52: =C52*Parameters!$B$10 -> 18.65068 | E52: =B52/D52 -> 46.950069 | F52: =F51+B52 -> 6646.6552
A53: 34 | B53: =10*POWER(Parameters!$B$7,33) -> 1006.9983 | C53: =$C$5*POWER(Parameters!$B$8,34) -> 9.9781135 | D53: =C53*Parameters!$B$10 -> 19.956227 | E53: =B53/D53 -> 50.460354 | F53: =F52+B53 -> 7653.6535
A54: 35 | B54: =10*POWER(Parameters!$B$7,34) -> 1158.048 | C54: =$C$5*POWER(Parameters!$B$8,35) -> 10.676581 | D54: =C54*Parameters!$B$10 -> 21.353163 | E54: =B54/D54 -> 54.233091 | F54: =F53+B54 -> 8811.7016
A55: 36 | B55: =10*POWER(Parameters!$B$7,35) -> 1331.7552 | C55: =$C$5*POWER(Parameters!$B$8,36) -> 11.423942 | D55: =C55*Parameters!$B$10 -> 22.847884 | E55: =B55/D55 -> 58.287902 | F55: =F54+B55 -> 10143.457
A56: 37 | B56: =10*POWER(Parameters!$B$7,36) -> 1531.5185 | C56: =$C$5*POWER(Parameters!$B$8,37) -> 12.223618 | D56: =C56*Parameters!$B$10 -> 24.447236 | E56: =B56/D56 -> 62.645875 | F56: =F55+B56 -> 11674.975
A57: 38 | B57: =10*POWER(Parameters!$B$7,37) -> 1761.2463 | C57: =$C$5*POWER(Parameters!$B$8,38) -> 13.079271 | D57: =C57*Parameters!$B$10 -> 26.158543 | E57: =B57/D57 -> 67.329679 | F57: =F56+B57 -> 13436.222
A58: 39 | B58: =10*POWER(Parameters!$B$7,38) -> 2025.4332 | C58: =$C$5*POWER(Parameters!$B$8,39) -> 13.99482 | D58: =C58*Parameters!$B$10 -> 27.989641 | E58: =B58/D58 -> 72.363674 | F58: =F57+B58 -> 15461.655
A59: 40 | B59: =10*POWER(Parameters!$B$7,39) -> 2329.2482 | C59: =$C$5*POWER(Parameters!$B$8,40) -> 14.974458 | D59: =C59*Parameters!$B$10 -> 29.948916 | E59: =B59/D59 -> 77.774042 | F59: =F58+B59 -> 17790.903
A60: 41 | B60: =10*POWER(Parameters!$B$7,40) -> 2678.6355 | C60: =$C$5*POWER(Parameters!$B$8,41) -> 16.02267 | D60: =C60*Parameters!$B$10 -> 32.04534 | E60: =B60/D60 -> 83.588924 | F60: =F59+B60 -> 20469.539
A61: 42 | B61: =10*POWER(Parameters!$B$7,41) -> 3080.4308 | C61: =$C$5*POWER(Parameters!$B$8,42) -> 17.144257 | D61: =C61*Parameters!$B$10 -> 34.288514 | E61: =B61/D61 -> 89.838563 | F61: =F60+B61 -> 23549.969
A62: 43 | B62: =10*POWER(Parameters!$B$7,42) -> 3542.4954 | C62: =$C$5*POWER(Parameters!$B$8,43) -> 18.344355 | D62: =C62*Parameters!$B$10 -> 36.68871 | E62: =B62/D62 -> 96.555465 | F62: =F61+B62 -> 27092.465
A63: 44 | B63: =10*POWER(Parameters!$B$7,43) -> 4073.8697 | C63: =$C$5*POWER(Parameters!$B$8,44) -> 19.62846 | D63: =C63*Parameters!$B$10 -> 39.256919 | E63: =B63/D63 -> 103.77456 | F63: =F62+B63 -> 31166.334
A64: 45 | B64: =10*POWER(Parameters!$B$7,44) -> 4684.9502 | C64: =$C$5*POWER(Parameters!$B$8,45) -> 21.002452 | D64: =C64*Parameters!$B$10 -> 42.004904 | E64: =B64/D64 -> 111.53341 | F64: =F63+B64 -> 35851.285
A65: 46 | B65: =10*POWER(Parameters!$B$7,45) -> 5387.6927 | C65: =$C$5*POWER(Parameters!$B$8,46) -> 22.472623 | D65: =C65*Parameters!$B$10 -> 44.945247 | E65: =B65/D65 -> 119.87236 | F65: =F64+B65 -> 41238.977
A66: 47 | B66: =10*POWER(Parameters!$B$7,46) -> 6195.8466 | C66: =$C$5*POWER(Parameters!$B$8,47) -> 24.045707 | D66: =C66*Parameters!$B$10 -> 48.091414 | E66: =B66/D66 -> 128.83478 | F66: =F65+B66 -> 47434.824
A67: 48 | B67: =10*POWER(Parameters!$B$7,47) -> 7125.2236 | C67: =$C$5*POWER(Parameters!$B$8,48) -> 25.728907 | D67: =C67*Parameters!$B$10 -> 51.457813 | E67: =B67/D67 -> 138.46728 | F67: =F66+B67 -> 54560.047
A68: 49 | B68: =10*POWER(Parameters!$B$7,48) -> 8194.0071 | C68: =$C$5*POWER(Parameters!$B$8,49) -> 27.52993 | D68: =C68*Parameters!$B$10 -> 55.05986 | E68: =B68/D68 -> 148.81998 | F68: =F67+B68 -> 62754.055
A69: 50 | B69: =10*POWER(Parameters!$B$7,49) -> 9423.1082 | C69: =$C$5*POWER(Parameters!$B$8,50) -> 29.457025 | D69: =C69*Parameters!$B$10 -> 58.91405 | E69: =B69/D69 -> 159.9467 | F69: =F68+B69 -> 72177.163
A70: 51 | B70: =10*POWER(Parameters!$B$7,50) -> 10836.574 | C70: =$C$5*POWER(Parameters!$B$8,51) -> 31.519017 | D70: =C70*Parameters!$B$10 -> 63.038034 | E70: =B70/D70 -> 171.90534 | F70: =F69+B70 -> 83013.737
A71: 52 | B71: =10*POWER(Parameters!$B$7,51) -> 12462.061 | C71: =$C$5*POWER(Parameters!$B$8,52) -> 33.725348 | D71: =C71*Parameters!$B$10 -> 67.450696 | E71: =B71/D71 -> 184.75807 | F71: =F70+B71 -> 95475.798
A72: 53 | B72: =10*POWER(Parameters!$B$7,52) -> 14331.37 | C72: =$C$5*POWER(Parameters!$B$8,53) -> 36.086122 | D72: =C72*Parameters!$B$10 -> 72.172245 | E72: =B72/D72 -> 198.57176 | F72: =F71+B72 -> 109807.17
A73: 54 | B73: =10*POWER(Parameters!$B$7,53) -> 16481.075 | C73: =$C$5*POWER(Parameters!$B$8,54) -> 38.612151 | D73: =C73*Parameters!$B$10 -> 77.224302 | E73: =B73/D73 -> 213.41825 | F73: =F72+B73 -> 126288.24
A74: 55 | B74: =10*POWER(Parameters!$B$7,54) -> 18953.236 | C74: =$C$5*POWER(Parameters!$B$8,55) -> 41.315001 | D74: =C74*Parameters!$B$10 -> 82.630003 | E74: =B74/D74 -> 229.37475 | F74: =F73+B74 -> 145241.48
A75: 56 | B75: =10*POWER(Parameters!$B$7,55) -> 21796.222 | C75: =$C$5*POWER(Parameters!$B$8,56) -> 44.207052 | D75: =C75*Parameters!$B$10 -> 88.414103 | E75: =B75/D75 -> 246.52427 | F75: =F74+B75 -> 167037.7
A76: 57 | B76: =10*POWER(Parameters!$B$7,56) -> 25065.655 | C76: =$C$5*POWER(Parameters!$B$8,57) -> 47.301545 | D76: =C76*Parameters!$B$10 -> 94.60309 | E76: =B76/D76 -> 264.95599 | F76: =F75+B76 -> 192103.36
A77: 58 | B77: =10*POWER(Parameters!$B$7,57) -> 28825.503 | C77: =$C$5*POWER(Parameters!$B$8,58) -> 50.612653 | D77: =C77*Parameters!$B$10 -> 101.22531 | E77: =B77/D77 -> 284.76578 | F77: =F76+B77 -> 220928.86
A78: 59 | B78: =10*POWER(Parameters!$B$7,58) -> 33149.329 | C78: =$C$5*POWER(Parameters!$B$8,59) -> 54.155539 | D78: =C78*Parameters!$B$10 -> 108.31108 | E78: =B78/D78 -> 306.05668 | F78: =F77+B78 -> 254078.19
A79: 60 | B79: =10*POWER(Parameters!$B$7,59) -> 38121.728 | C79: =$C$5*POWER(Parameters!$B$8,60) -> 57.946427 | D79: =C79*Parameters!$B$10 -> 115.89285 | E79: =B79/D79 -> 328.93942 | F79: =F78+B79 -> 292199.92
A80: 61 | B80: =10*POWER(Parameters!$B$7,60) -> 43839.987 | C80: =$C$5*POWER(Parameters!$B$8,61) -> 62.002677 | D80: =C80*Parameters!$B$10 -> 124.00535 | E80: =B80/D80 -> 353.53302 | F80: =F79+B80 -> 336039.9
A81: 62 | B81: =10*POWER(Parameters!$B$7,61) -> 50415.986 | C81: =$C$5*POWER(Parameters!$B$8,62) -> 66.342864 | D81: =C81*Parameters!$B$10 -> 132.68573 | E81: =B81/D81 -> 379.9654 | F81: =F80+B81 -> 386455.89
A82: 63 | B82: =10*POWER(Parameters!$B$7,62) -> 57978.383 | C82: =$C$5*POWER(Parameters!$B$8,63) -> 70.986865 | D82: =C82*Parameters!$B$10 -> 141.97373 | E82: =B82/D82 -> 408.37403 | F82: =F81+B82 -> 444434.27
A83: 64 | B83: =10*POWER(Parameters!$B$7,63) -> 66675.141 | C83: =$C$5*POWER(Parameters!$B$8,64) -> 75.955945 | D83: =C83*Parameters!$B$10 -> 151.91189 | E83: =B83/D83 -> 438.90666 | F83: =F82+B83 -> 511109.41
A84: 65 | B84: =10*POWER(Parameters!$B$7,64) -> 76676.412 | C84: =$C$5*POWER(Parameters!$B$8,65) -> 81.272861 | D84: =C84*Parameters!$B$10 -> 162.54572 | E84: =B84/D84 -> 471.72212 | F84: =F83+B84 -> 587785.83
A85: 66 | B85: =10*POWER(Parameters!$B$7,65) -> 88177.874 | C85: =$C$5*POWER(Parameters!$B$8,66) -> 86.961962 | D85: =C85*Parameters!$B$10 -> 173.92392 | E85: =B85/D85 -> 506.99106 | F85: =F84+B85 -> 675963.7
A86: 67 | B86: =10*POWER(Parameters!$B$7,66) -> 101404.55 | C86: =$C$5*POWER(Parameters!$B$8,67) -> 93.049299 | D86: =C86*Parameters!$B$10 -> 186.0986 | E86: =B86/D86 -> 544.89693 | F86: =F85+B86 -> 777368.25
A87: 68 | B87: =10*POWER(Parameters!$B$7,67) -> 116615.24 | C87: =$C$5*POWER(Parameters!$B$8,68) -> 99.56275 | D87: =C87*Parameters!$B$10 -> 199.1255 | E87: =B87/D87 -> 585.63689 | F87: =F86+B87 -> 893983.49
A88: 69 | B88: =10*POWER(Parameters!$B$7,68) -> 134107.52 | C88: =$C$5*POWER(Parameters!$B$8,69) -> 106.53214 | D88: =C88*Parameters!$B$10 -> 213.06428 | E88: =B88/D88 -> 629.42283 | F88: =F87+B88 -> 1028091
A89: 70 | B89: =10*POWER(Parameters!$B$7,69) -> 154223.65 | C89: =$C$5*POWER(Parameters!$B$8,70) -> 113.98939 | D89: =C89*Parameters!$B$10 -> 227.97878 | E89: =B89/D89 -> 676.48248 | F89: =F88+B89 -> 1182314.7
A90: 71 | B90: =10*POWER(Parameters!$B$7,70) -> 177357.2 | C90: =$C$5*POWER(Parameters!$B$8,71) -> 121.96865 | D90: =C90*Parameters!$B$10 -> 243.9373 | E90: =B90/D90 -> 727.0606 | F90: =F89+B90 -> 1359671.9
A91: 72 | B91: =10*POWER(Parameters!$B$7,71) -> 203960.78 | C91: =$C$5*POWER(Parameters!$B$8,72) -> 130.50646 | D91: =C91*Parameters!$B$10 -> 261.01291 | E91: =B91/D91 -> 781.42028 | F91: =F90+B91 -> 1563632.7
A92: 73 | B92: =10*POWER(Parameters!$B$7,72) -> 234554.9 | C92: =$C$5*POWER(Parameters!$B$8,73) -> 139.64191 | D92: =C92*Parameters!$B$10 -> 279.28381 | E92: =B92/D92 -> 839.84422 | F92: =F91+B92 -> 1798187.5
A93: 74 | B93: =10*POWER(Parameters!$B$7,73) -> 269738.13 | C93: =$C$5*POWER(Parameters!$B$8,74) -> 149.41684 | D93: =C93*Parameters!$B$10 -> 298.83368 | E93: =B93/D93 -> 902.63631 | F93: =F92+B93 -> 2067925.7
A94: 75 | B94: =10*POWER(Parameters!$B$7,74) -> 310198.85 | C94: =$C$5*POWER(Parameters!$B$8,75) -> 159.87602 | D94: =C94*Parameters!$B$10 -> 319.75204 | E94: =B94/D94 -> 970.12314 | F94: =F93+B94 -> 2378124.5
A95: 76 | B95: =10*POWER(Parameters!$B$7,75) -> 356728.68 | C95: =$C$5*POWER(Parameters!$B$8,76) -> 171.06734 | D95: =C95*Parameters!$B$10 -> 342.13468 | E95: =B95/D95 -> 1042.6557 | F95: =F94+B95 -> 2734853.2
A96: 77 | B96: =10*POWER(Parameters!$B$7,76) -> 410237.98 | C96: =$C$5*POWER(Parameters!$B$8,77) -> 183.04205 | D96: =C96*Parameters!$B$10 -> 366.08411 | E96: =B96/D96 -> 1120.6113 | F96: =F95+B96 -> 3145091.2
A97: 78 | B97: =10*POWER(Parameters!$B$7,77) -> 471773.68 | C97: =$C$5*POWER(Parameters!$B$8,78) -> 195.855 | D97: =C97*Parameters!$B$10 -> 391.71 | E97: =B97/D97 -> 1204.3953 | F97: =F96+B97 -> 3616864.9
A98: 79 | B98: =10*POWER(Parameters!$B$7,78) -> 542539.73 | C98: =$C$5*POWER(Parameters!$B$8,79) -> 209.56485 | D98: =C98*Parameters!$B$10 -> 419.1297 | E98: =B98/D98 -> 1294.4435 | F98: =F97+B98 -> 4159404.6
A99: 80 | B99: =10*POWER(Parameters!$B$7,79) -> 623920.69 | C99: =$C$5*POWER(Parameters!$B$8,80) -> 224.23439 | D99: =C99*Parameters!$B$10 -> 448.46878 | E99: =B99/D99 -> 1391.2244 | F99: =F98+B99 -> 4783325.3
A100: 81 | B100: =10*POWER(Parameters!$B$7,80) -> 717508.79 | C100: =$C$5*POWER(Parameters!$B$8,81) -> 239.93079 | D100: =C100*Parameters!$B$10 -> 479.86159 | E100: =B100/D100 -> 1495.2411 | F100: =F99+B100 -> 5500834.1
A101: 82 | B101: =10*POWER(Parameters!$B$7,81) -> 825135.11 | C101: =$C$5*POWER(Parameters!$B$8,82) -> 256.72595 | D101: =C101*Parameters!$B$10 -> 513.4519 | E101: =B101/D101 -> 1607.0349 | F101: =F100+B101 -> 6325969.2
A102: 83 | B102: =10*POWER(Parameters!$B$7,82) -> 948905.38 | C102: =$C$5*POWER(Parameters!$B$8,83) -> 274.69677 | D102: =C102*Parameters!$B$10 -> 549.39353 | E102: =B102/D102 -> 1727.187 | F102: =F101+B102 -> 7274874.6
A103: 84 | B103: =10*POWER(Parameters!$B$7,83) -> 1091241.2 | C103: =$C$5*POWER(Parameters!$B$8,84) -> 293.92554 | D103: =C103*Parameters!$B$10 -> 587.85108 | E103: =B103/D103 -> 1856.3225 | F103: =F102+B103 -> 8366115.8
...

Sheet Progression
A1: Capitalo — Progression Curve (60h gameplay)
A2: Symulacja przychodu i progressu godzina po godzinie. Edytuj 'hourly_growth_rate' w Parameters aby strojaść tempo.
A4: Hour | B4: Active Min | C4: Offline Min | D4: Income/sec (avg) | E4: Hourly Earnings ($) | F4: Cumulative Total ($) | G4: Categories Unlocked | H4: Phase
A5: 1 | B5: =Parameters!$B$37*(Parameters!$B$38/24) -> 1.6666667 | C5: =MIN(60-B5,Parameters!$B$30*60/24) -> 20 | D5: =0.5*POWER(Parameters!$B$42,1)*Parameters!$B$40 -> 0.4375 | E5: =D5*(B5*60 + C5*60*Parameters!$B$31) -> 306.25 | F5: =E5+Parameters!$B$6 -> 356.25 | G5: =IF(F5>=Shop_Categories!$D$14,10,IF(F5>=Shop_Categories!$D$13,9,IF(F5>=Shop_Categories!$D$12,8,IF(F5>=Shop_Categories!$D$11,7,IF(F5>=Shop_Categories!$D$10,6,IF(F5>=Shop_Categories!$D$9,5,IF(F5>=Shop_Categories!$D$8,4,IF(F5>=Shop_Categories!$D$7,3,IF(F5>=Shop_Categories!$D$6,2,1))))))))) -> 1 | H5: Onboarding
A6: 2 | B6: =Parameters!$B$37*(Parameters!$B$38/24) -> 1.6666667 | C6: =MIN(60-B6,Parameters!$B$30*60/24) -> 20 | D6: =0.5*POWER(Parameters!$B$42,2)*Parameters!$B$40 -> 0.546875 | E6: =D6*(B6*60 + C6*60*Parameters!$B$31) -> 382.8125 | F6: =F5+E6 -> 739.0625 | G6: =IF(F6>=Shop_Categories!$D$14,10,IF(F6>=Shop_Categories!$D$13,9,IF(F6>=Shop_Categories!$D$12,8,IF(F6>=Shop_Categories!$D$11,7,IF(F6>=Shop_Categories!$D$10,6,IF(F6>=Shop_Categories!$D$9,5,IF(F6>=Shop_Categories!$D$8,4,IF(F6>=Shop_Categories!$D$7,3,IF(F6>=Shop_Categories!$D$6,2,1))))))))) -> 1 | H6: Onboarding
A7: 3 | B7: =Parameters!$B$37*(Parameters!$B$38/24) -> 1.6666667 | C7: =MIN(60-B7,Parameters!$B$30*60/24) -> 20 | D7: =0.5*POWER(Parameters!$B$42,3)*Parameters!$B$40 -> 0.68359375 | E7: =D7*(B7*60 + C7*60*Parameters!$B$31) -> 478.51562 | F7: =F6+E7 -> 1217.5781 | G7: =IF(F7>=Shop_Categories!$D$14,10,IF(F7>=Shop_Categories!$D$13,9,IF(F7>=Shop_Categories!$D$12,8,IF(F7>=Shop_Categories!$D$11,7,IF(F7>=Shop_Categories!$D$10,6,IF(F7>=Shop_Categories!$D$9,5,IF(F7>=Shop_Categories!$D$8,4,IF(F7>=Shop_Categories!$D$7,3,IF(F7>=Shop_Categories!$D$6,2,1))))))))) -> 2 | H7: Onboarding
A8: 4 | B8: =Parameters!$B$37*(Parameters!$B$38/24) -> 1.6666667 | C8: =MIN(60-B8,Parameters!$B$30*60/24) -> 20 | D8: =0.5*POWER(Parameters!$B$42,4)*Parameters!$B$40 -> 0.85449219 | E8: =D8*(B8*60 + C8*60*Parameters!$B$31) -> 598.14453 | F8: =F7+E8 -> 1815.7227 | G8: =IF(F8>=Shop_Categories!$D$14,10,IF(F8>=Shop_Categories!$D$13,9,IF(F8>=Shop_Categories!$D$12,8,IF(F8>=Shop_Categories!$D$11,7,IF(F8>=Shop_Categories!$D$10,6,IF(F8>=Shop_Categories!$D$9,5,IF(F8>=Shop_Categories!$D$8,4,IF(F8>=Shop_Categories!$D$7,3,IF(F8>=Shop_Categories!$D$6,2,1))))))))) -> 2 | H8: Onboarding
A9: 5 | B9: =Parameters!$B$37*(Parameters!$B$38/24) -> 1.6666667 | C9: =MIN(60-B9,Parameters!$B$30*60/24) -> 20 | D9: =0.5*POWER(Parameters!$B$42,5)*Parameters!$B$40 -> 1.0681152 | E9: =D9*(B9*60 + C9*60*Parameters!$B$31) -> 747.68066 | F9: =F8+E9 -> 2563.4033 | G9: =IF(F9>=Shop_Categories!$D$14,10,IF(F9>=Shop_Categories!$D$13,9,IF(F9>=Shop_Categories!$D$12,8,IF(F9>=Shop_Categories!$D$11,7,IF(F9>=Shop_Categories!$D$10,6,IF(F9>=Shop_Categories!$D$9,5,IF(F9>=Shop_Categories!$D$8,4,IF(F9>=Shop_Categories!$D$7,3,IF(F9>=Shop_Categories!$D$6,2,1))))))))) -> 2 | H9: Onboarding
A10: 6 | B10: =Parameters!$B$37*(Parameters!$B$38/24) -> 1.6666667 | C10: =MIN(60-B10,Parameters!$B$30*60/24) -> 20 | D10: =0.5*POWER(Parameters!$B$42,6)*Parameters!$B$40 -> 1.335144 | E10: =D10*(B10*60 + C10*60*Parameters!$B$31) -> 934.60083 | F10: =F9+E10 -> 3498.0042 | G10: =IF(F10>=Shop_Categories!$D$14,10,IF(F10>=Shop_Categories!$D$13,9,IF(F10>=Shop_Categories!$D$12,8,IF(F10>=Shop_Categories!$D$11,7,IF(F10>=Shop_Categories!$D$10,6,IF(F10>=Shop_Categories!$D$9,5,IF(F10>=Shop_Categories!$D$8,4,IF(F10>=Shop_Categories!$D$7,3,IF(F10>=Shop_Categories!$D$6,2,1))))))))) -> 2 | H10: Early Game
A11: 7 | B11: =Parameters!$B$37*(Parameters!$B$38/24) -> 1.6666667 | C11: =MIN(60-B11,Parameters!$B$30*60/24) -> 20 | D11: =0.5*POWER(Parameters!$B$42,7)*Parameters!$B$40 -> 1.6689301 | E11: =D11*(B11*60 + C11*60*Parameters!$B$31) -> 1168.251 | F11: =F10+E11 -> 4666.2552 | G11: =IF(F11>=Shop_Categories!$D$14,10,IF(F11>=Shop_Categories!$D$13,9,IF(F11>=Shop_Categories!$D$12,8,IF(F11>=Shop_Categories!$D$11,7,IF(F11>=Shop_Categories!$D$10,6,IF(F11>=Shop_Categories!$D$9,5,IF(F11>=Shop_Categories!$D$8,4,IF(F11>=Shop_Categories!$D$7,3,IF(F11>=Shop_Categories!$D$6,2,1))))))))) -> 2 | H11: Early Game
A12: 8 | B12: =Parameters!$B$37*(Parameters!$B$38/24) -> 1.6666667 | C12: =MIN(60-B12,Parameters!$B$30*60/24) -> 20 | D12: =0.5*POWER(Parameters!$B$42,8)*Parameters!$B$40 -> 2.0861626 | E12: =D12*(B12*60 + C12*60*Parameters!$B$31) -> 1460.3138 | F12: =F11+E12 -> 6126.569 | G12: =IF(F12>=Shop_Categories!$D$14,10,IF(F12>=Shop_Categories!$D$13,9,IF(F12>=Shop_Categories!$D$12,8,IF(F12>=Shop_Categories!$D$11,7,IF(F12>=Shop_Categories!$D$10,6,IF(F12>=Shop_Categories!$D$9,5,IF(F12>=Shop_Categories!$D$8,4,IF(F12>=Shop_Categories!$D$7,3,IF(F12>=Shop_Categories!$D$6,2,1))))))))) -> 2 | H12: Early Game
A13: 9 | B13: =Parameters!$B$37*(Parameters!$B$38/24) -> 1.6666667 | C13: =MIN(60-B13,Parameters!$B$30*60/24) -> 20 | D13: =0.5*POWER(Parameters!$B$42,9)*Parameters!$B$40 -> 2.6077032 | E13: =D13*(B13*60 + C13*60*Parameters!$B$31) -> 1825.3922 | F13: =F12+E13 -> 7951.9612 | G13: =IF(F13>=Shop_Categories!$D$14,10,IF(F13>=Shop_Categories!$D$13,9,IF(F13>=Shop_Categories!$D$12,8,IF(F13>=Shop_Categories!$D$11,7,IF(F13>=Shop_Categories!$D$10,6,IF(F13>=Shop_Categories!$D$9,5,IF(F13>=Shop_Categories!$D$8,4,IF(F13>=Shop_Categories!$D$7,3,IF(F13>=Shop_Categories!$D$6,2,1))))))))) -> 2 | H13: Early Game
A14: 10 | B14: =Parameters!$B$37*(Parameters!$B$38/24) -> 1.6666667 | C14: =MIN(60-B14,Parameters!$B$30*60/24) -> 20 | D14: =0.5*POWER(Parameters!$B$42,10)*Parameters!$B$40 -> 3.259629 | E14: =D14*(B14*60 + C14*60*Parameters!$B$31) -> 2281.7403 | F14: =F13+E14 -> 10233.702 | G14: =IF(F14>=Shop_Categories!$D$14,10,IF(F14>=Shop_Categories!$D$13,9,IF(F14>=Shop_Categories!$D$12,8,IF(F14>=Shop_Categories!$D$11,7,IF(F14>=Shop_Categories!$D$10,6,IF(F14>=Shop_Categories!$D$9,5,IF(F14>=Shop_Categories!$D$8,4,IF(F14>=Shop_Categories!$D$7,3,IF(F14>=Shop_Categories!$D$6,2,1))))))))) -> 2 | H14: Early Game
A15: 11 | B15: =Parameters!$B$37*(Parameters!$B$38/24) -> 1.6666667 | C15: =MIN(60-B15,Parameters!$B$30*60/24) -> 20 | D15: =0.5*POWER(Parameters!$B$42,11)*Parameters!$B$40 -> 4.0745363 | E15: =D15*(B15*60 + C15*60*Parameters!$B$31) -> 2852.1754 | F15: =F14+E15 -> 13085.877 | G15: =IF(F15>=Shop_Categories!$D$14,10,IF(F15>=Shop_Categories!$D$13,9,IF(F15>=Shop_Categories!$D$12,8,IF(F15>=Shop_Categories!$D$11,7,IF(F15>=Shop_Categories!$D$10,6,IF(F15>=Shop_Categories!$D$9,5,IF(F15>=Shop_Categories!$D$8,4,IF(F15>=Shop_Categories!$D$7,3,IF(F15>=Shop_Categories!$D$6,2,1))))))))) -> 2 | H15: Early Game
A16: 12 | B16: =Parameters!$B$37*(Parameters!$B$38/24) -> 1.6666667 | C16: =MIN(60-B16,Parameters!$B$30*60/24) -> 20 | D16: =0.5*POWER(Parameters!$B$42,12)*Parameters!$B$40 -> 5.0931703 | E16: =D16*(B16*60 + C16*60*Parameters!$B$31) -> 3565.2192 | F16: =F15+E16 -> 16651.096 | G16: =IF(F16>=Shop_Categories!$D$14,10,IF(F16>=Shop_Categories!$D$13,9,IF(F16>=Shop_Categories!$D$12,8,IF(F16>=Shop_Categories!$D$11,7,IF(F16>=Shop_Categories!$D$10,6,IF(F16>=Shop_Categories!$D$9,5,IF(F16>=Shop_Categories!$D$8,4,IF(F16>=Shop_Categories!$D$7,3,IF(F16>=Shop_Categories!$D$6,2,1))))))))) -> 2 | H16: Early Game
A17: 13 | B17: =Parameters!$B$37*(Parameters!$B$38/24) -> 1.6666667 | C17: =MIN(60-B17,Parameters!$B$30*60/24) -> 20 | D17: =0.5*POWER(Parameters!$B$42,13)*Parameters!$B$40 -> 6.3664629 | E17: =D17*(B17*60 + C17*60*Parameters!$B$31) -> 4456.524 | F17: =F16+E17 -> 21107.62 | G17: =IF(F17>=Shop_Categories!$D$14,10,IF(F17>=Shop_Categories!$D$13,9,IF(F17>=Shop_Categories!$D$12,8,IF(F17>=Shop_Categories!$D$11,7,IF(F17>=Shop_Categories!$D$10,6,IF(F17>=Shop_Categories!$D$9,5,IF(F17>=Shop_Categories!$D$8,4,IF(F17>=Shop_Categories!$D$7,3,IF(F17>=Shop_Categories!$D$6,2,1))))))))) -> 2 | H17: Early Game
A18: 14 | B18: =Parameters!$B$37*(Parameters!$B$38/24) -> 1.6666667 | C18: =MIN(60-B18,Parameters!$B$30*60/24) -> 20 | D18: =0.5*POWER(Parameters!$B$42,14)*Parameters!$B$40 -> 7.9580786 | E18: =D18*(B18*60 + C18*60*Parameters!$B$31) -> 5570.655 | F18: =F17+E18 -> 26678.275 | G18: =IF(F18>=Shop_Categories!$D$14,10,IF(F18>=Shop_Categories!$D$13,9,IF(F18>=Shop_Categories!$D$12,8,IF(F18>=Shop_Categories!$D$11,7,IF(F18>=Shop_Categories!$D$10,6,IF(F18>=Shop_Categories!$D$9,5,IF(F18>=Shop_Categories!$D$8,4,IF(F18>=Shop_Categories!$D$7,3,IF(F18>=Shop_Categories!$D$6,2,1))))))))) -> 2 | H18: Early Game
A19: 15 | B19: =Parameters!$B$37*(Parameters!$B$38/24) -> 1.6666667 | C19: =MIN(60-B19,Parameters!$B$30*60/24) -> 20 | D19: =0.5*POWER(Parameters!$B$42,15)*Parameters!$B$40 -> 9.9475983 | E19: =D19*(B19*60 + C19*60*Parameters!$B$31) -> 6963.3188 | F19: =F18+E19 -> 33641.594 | G19: =IF(F19>=Shop_Categories!$D$14,10,IF(F19>=Shop_Categories!$D$13,9,IF(F19>=Shop_Categories!$D$12,8,IF(F19>=Shop_Categories!$D$11,7,IF(F19>=Shop_Categories!$D$10,6,IF(F19>=Shop_Categories!$D$9,5,IF(F19>=Shop_Categories!$D$8,4,IF(F19>=Shop_Categories!$D$7,3,IF(F19>=Shop_Categories!$D$6,2,1))))))))) -> 2 | H19: Early Game
A20: 16 | B20: =Parameters!$B$37*(Parameters!$B$38/24) -> 1.6666667 | C20: =MIN(60-B20,Parameters!$B$30*60/24) -> 20 | D20: =0.5*POWER(Parameters!$B$42,16)*Parameters!$B$40 -> 12.434498 | E20: =D20*(B20*60 + C20*60*Parameters!$B$31) -> 8704.1485 | F20: =F19+E20 -> 42345.743 | G20: =IF(F20>=Shop_Categories!$D$14,10,IF(F20>=Shop_Categories!$D$13,9,IF(F20>=Shop_Categories!$D$12,8,IF(F20>=Shop_Categories!$D$11,7,IF(F20>=Shop_Categories!$D$10,6,IF(F20>=Shop_Categories!$D$9,5,IF(F20>=Shop_Categories!$D$8,4,IF(F20>=Shop_Categories!$D$7,3,IF(F20>=Shop_Categories!$D$6,2,1))))))))) -> 2 | H20: Mid Game
A21: 17 | B21: =Parameters!$B$37*(Parameters!$B$38/24) -> 1.6666667 | C21: =MIN(60-B21,Parameters!$B$30*60/24) -> 20 | D21: =0.5*POWER(Parameters!$B$42,17)*Parameters!$B$40 -> 15.543122 | E21: =D21*(B21*60 + C21*60*Parameters!$B$31) -> 10880.186 | F21: =F20+E21 -> 53225.928 | G21: =IF(F21>=Shop_Categories!$D$14,10,IF(F21>=Shop_Categories!$D$13,9,IF(F21>=Shop_Categories!$D$12,8,IF(F21>=Shop_Categories!$D$11,7,IF(F21>=Shop_Categories!$D$10,6,IF(F21>=Shop_Categories!$D$9,5,IF(F21>=Shop_Categories!$D$8,4,IF(F21>=Shop_Categories!$D$7,3,IF(F21>=Shop_Categories!$D$6,2,1))))))))) -> 3 | H21: Mid Game
A22: 18 | B22: =Parameters!$B$37*(Parameters!$B$38/24) -> 1.6666667 | C22: =MIN(60-B22,Parameters!$B$30*60/24) -> 20 | D22: =0.5*POWER(Parameters!$B$42,18)*Parameters!$B$40 -> 19.428903 | E22: =D22*(B22*60 + C22*60*Parameters!$B$31) -> 13600.232 | F22: =F21+E22 -> 66826.16 | G22: =IF(F22>=Shop_Categories!$D$14,10,IF(F22>=Shop_Categories!$D$13,9,IF(F22>=Shop_Categories!$D$12,8,IF(F22>=Shop_Categories!$D$11,7,IF(F22>=Shop_Categories!$D$10,6,IF(F22>=Shop_Categories!$D$9,5,IF(F22>=Shop_Categories!$D$8,4,IF(F22>=Shop_Categories!$D$7,3,IF(F22>=Shop_Categories!$D$6,2,1))))))))) -> 3 | H22: Mid Game
A23: 19 | B23: =Parameters!$B$37*(Parameters!$B$38/24) -> 1.6666667 | C23: =MIN(60-B23,Parameters!$B$30*60/24) -> 20 | D23: =0.5*POWER(Parameters!$B$42,19)*Parameters!$B$40 -> 24.286129 | E23: =D23*(B23*60 + C23*60*Parameters!$B$31) -> 17000.29 | F23: =F22+E23 -> 83826.45 | G23: =IF(F23>=Shop_Categories!$D$14,10,IF(F23>=Shop_Categories!$D$13,9,IF(F23>=Shop_Categories!$D$12,8,IF(F23>=Shop_Categories!$D$11,7,IF(F23>=Shop_Categories!$D$10,6,IF(F23>=Shop_Categories!$D$9,5,IF(F23>=Shop_Categories!$D$8,4,IF(F23>=Shop_Categories!$D$7,3,IF(F23>=Shop_Categories!$D$6,2,1))))))))) -> 3 | H23: Mid Game
A24: 20 | B24: =Parameters!$B$37*(Parameters!$B$38/24) -> 1.6666667 | C24: =MIN(60-B24,Parameters!$B$30*60/24) -> 20 | D24: =0.5*POWER(Parameters!$B$42,20)*Parameters!$B$40 -> 30.357661 | E24: =D24*(B24*60 + C24*60*Parameters!$B$31) -> 21250.363 | F24: =F23+E24 -> 105076.81 | G24: =IF(F24>=Shop_Categories!$D$14,10,IF(F24>=Shop_Categories!$D$13,9,IF(F24>=Shop_Categories!$D$12,8,IF(F24>=Shop_Categories!$D$11,7,IF(F24>=Shop_Categories!$D$10,6,IF(F24>=Shop_Categories!$D$9,5,IF(F24>=Shop_Categories!$D$8,4,IF(F24>=Shop_Categories!$D$7,3,IF(F24>=Shop_Categories!$D$6,2,1))))))))) -> 3 | H24: Mid Game
A25: 21 | B25: =Parameters!$B$37*(Parameters!$B$38/24) -> 1.6666667 | C25: =MIN(60-B25,Parameters!$B$30*60/24) -> 20 | D25: =0.5*POWER(Parameters!$B$42,21)*Parameters!$B$40 -> 37.947076 | E25: =D25*(B25*60 + C25*60*Parameters!$B$31) -> 26562.953 | F25: =F24+E25 -> 131639.77 | G25: =IF(F25>=Shop_Categories!$D$14,10,IF(F25>=Shop_Categories!$D$13,9,IF(F25>=Shop_Categories!$D$12,8,IF(F25>=Shop_Categories!$D$11,7,IF(F25>=Shop_Categories!$D$10,6,IF(F25>=Shop_Categories!$D$9,5,IF(F25>=Shop_Categories!$D$8,4,IF(F25>=Shop_Categories!$D$7,3,IF(F25>=Shop_Categories!$D$6,2,1))))))))) -> 3 | H25: Mid Game
A26: 22 | B26: =Parameters!$B$37*(Parameters!$B$38/24) -> 1.6666667 | C26: =MIN(60-B26,Parameters!$B$30*60/24) -> 20 | D26: =0.5*POWER(Parameters!$B$42,22)*Parameters!$B$40 -> 47.433845 | E26: =D26*(B26*60 + C26*60*Parameters!$B$31) -> 33203.692 | F26: =F25+E26 -> 164843.46 | G26: =IF(F26>=Shop_Categories!$D$14,10,IF(F26>=Shop_Categories!$D$13,9,IF(F26>=Shop_Categories!$D$12,8,IF(F26>=Shop_Categories!$D$11,7,IF(F26>=Shop_Categories!$D$10,6,IF(F26>=Shop_Categories!$D$9,5,IF(F26>=Shop_Categories!$D$8,4,IF(F26>=Shop_Categories!$D$7,3,IF(F26>=Shop_Categories!$D$6,2,1))))))))) -> 3 | H26: Mid Game
A27: 23 | B27: =Parameters!$B$37*(Parameters!$B$38/24) -> 1.6666667 | C27: =MIN(60-B27,Parameters!$B$30*60/24) -> 20 | D27: =0.5*POWER(Parameters!$B$42,23)*Parameters!$B$40 -> 59.292306 | E27: =D27*(B27*60 + C27*60*Parameters!$B$31) -> 41504.614 | F27: =F26+E27 -> 206348.07 | G27: =IF(F27>=Shop_Categories!$D$14,10,IF(F27>=Shop_Categories!$D$13,9,IF(F27>=Shop_Categories!$D$12,8,IF(F27>=Shop_Categories!$D$11,7,IF(F27>=Shop_Categories!$D$10,6,IF(F27>=Shop_Categories!$D$9,5,IF(F27>=Shop_Categories!$D$8,4,IF(F27>=Shop_Categories!$D$7,3,IF(F27>=Shop_Categories!$D$6,2,1))))))))) -> 3 | H27: Mid Game
A28: 24 | B28: =Parameters!$B$37*(Parameters!$B$38/24) -> 1.6666667 | C28: =MIN(60-B28,Parameters!$B$30*60/24) -> 20 | D28: =0.5*POWER(Parameters!$B$42,24)*Parameters!$B$40 -> 74.115383 | E28: =D28*(B28*60 + C28*60*Parameters!$B$31) -> 51880.768 | F28: =F27+E28 -> 258228.84 | G28: =IF(F28>=Shop_Categories!$D$14,10,IF(F28>=Shop_Categories!$D$13,9,IF(F28>=Shop_Categories!$D$12,8,IF(F28>=Shop_Categories!$D$11,7,IF(F28>=Shop_Categories!$D$10,6,IF(F28>=Shop_Categories!$D$9,5,IF(F28>=Shop_Categories!$D$8,4,IF(F28>=Shop_Categories!$D$7,3,IF(F28>=Shop_Categories!$D$6,2,1))))))))) -> 3 | H28: Mid Game
A29: 25 | B29: =Parameters!$B$37*(Parameters!$B$38/24) -> 1.6666667 | C29: =MIN(60-B29,Parameters!$B$30*60/24) -> 20 | D29: =0.5*POWER(Parameters!$B$42,25)*Parameters!$B$40 -> 92.644229 | E29: =D29*(B29*60 + C29*60*Parameters!$B$31) -> 64850.96 | F29: =F28+E29 -> 323079.8 | G29: =IF(F29>=Shop_Categories!$D$14,10,IF(F29>=Shop_Categories!$D$13,9,IF(F29>=Shop_Categories!$D$12,8,IF(F29>=Shop_Categories!$D$11,7,IF(F29>=Shop_Categories!$D$10,6,IF(F29>=Shop_Categories!$D$9,5,IF(F29>=Shop_Categories!$D$8,4,IF(F29>=Shop_Categories!$D$7,3,IF(F29>=Shop_Categories!$D$6,2,1))))))))) -> 3 | H29: Mid Game
A30: 26 | B30: =Parameters!$B$37*(Parameters!$B$38/24) -> 1.6666667 | C30: =MIN(60-B30,Parameters!$B$30*60/24) -> 20 | D30: =0.5*POWER(Parameters!$B$42,26)*Parameters!$B$40 -> 115.80529 | E30: =D30*(B30*60 + C30*60*Parameters!$B$31) -> 81063.7 | F30: =F29+E30 -> 404143.5 | G30: =IF(F30>=Shop_Categories!$D$14,10,IF(F30>=Shop_Categories!$D$13,9,IF(F30>=Shop_Categories!$D$12,8,IF(F30>=Shop_Categories!$D$11,7,IF(F30>=Shop_Categories!$D$10,6,IF(F30>=Shop_Categories!$D$9,5,IF(F30>=Shop_Categories!$D$8,4,IF(F30>=Shop_Categories!$D$7,3,IF(F30>=Shop_Categories!$D$6,2,1))))))))) -> 3 | H30: Mid Game
A31: 27 | B31: =Parameters!$B$37*(Parameters!$B$38/24) -> 1.6666667 | C31: =MIN(60-B31,Parameters!$B$30*60/24) -> 20 | D31: =0.5*POWER(Parameters!$B$42,27)*Parameters!$B$40 -> 144.75661 | E31: =D31*(B31*60 + C31*60*Parameters!$B$31) -> 101329.63 | F31: =F30+E31 -> 505473.13 | G31: =IF(F31>=Shop_Categories!$D$14,10,IF(F31>=Shop_Categories!$D$13,9,IF(F31>=Shop_Categories!$D$12,8,IF(F31>=Shop_Categories!$D$11,7,IF(F31>=Shop_Categories!$D$10,6,IF(F31>=Shop_Categories!$D$9,5,IF(F31>=Shop_Categories!$D$8,4,IF(F31>=Shop_Categories!$D$7,3,IF(F31>=Shop_Categories!$D$6,2,1))))))))) -> 3 | H31: Mid Game
A32: 28 | B32: =Parameters!$B$37*(Parameters!$B$38/24) -> 1.6666667 | C32: =MIN(60-B32,Parameters!$B$30*60/24) -> 20 | D32: =0.5*POWER(Parameters!$B$42,28)*Parameters!$B$40 -> 180.94576 | E32: =D32*(B32*60 + C32*60*Parameters!$B$31) -> 126662.03 | F32: =F31+E32 -> 632135.16 | G32: =IF(F32>=Shop_Categories!$D$14,10,IF(F32>=Shop_Categories!$D$13,9,IF(F32>=Shop_Categories!$D$12,8,IF(F32>=Shop_Categories!$D$11,7,IF(F32>=Shop_Categories!$D$10,6,IF(F32>=Shop_Categories!$D$9,5,IF(F32>=Shop_Categories!$D$8,4,IF(F32>=Shop_Categories!$D$7,3,IF(F32>=Shop_Categories!$D$6,2,1))))))))) -> 3 | H32: Mid Game
A33: 29 | B33: =Parameters!$B$37*(Parameters!$B$38/24) -> 1.6666667 | C33: =MIN(60-B33,Parameters!$B$30*60/24) -> 20 | D33: =0.5*POWER(Parameters!$B$42,29)*Parameters!$B$40 -> 226.1822 | E33: =D33*(B33*60 + C33*60*Parameters!$B$31) -> 158327.54 | F33: =F32+E33 -> 790462.7 | G33: =IF(F33>=Shop_Categories!$D$14,10,IF(F33>=Shop_Categories!$D$13,9,IF(F33>=Shop_Categories!$D$12,8,IF(F33>=Shop_Categories!$D$11,7,IF(F33>=Shop_Categories!$D$10,6,IF(F33>=Shop_Categories!$D$9,5,IF(F33>=Shop_Categories!$D$8,4,IF(F33>=Shop_Categories!$D$7,3,IF(F33>=Shop_Categories!$D$6,2,1))))))))) -> 3 | H33: Mid Game
A34: 30 | B34: =Parameters!$B$37*(Parameters!$B$38/24) -> 1.6666667 | C34: =MIN(60-B34,Parameters!$B$30*60/24) -> 20 | D34: =0.5*POWER(Parameters!$B$42,30)*Parameters!$B$40 -> 282.72775 | E34: =D34*(B34*60 + C34*60*Parameters!$B$31) -> 197909.42 | F34: =F33+E34 -> 988372.12 | G34: =IF(F34>=Shop_Categories!$D$14,10,IF(F34>=Shop_Categories!$D$13,9,IF(F34>=Shop_Categories!$D$12,8,IF(F34>=Shop_Categories!$D$11,7,IF(F34>=Shop_Categories!$D$10,6,IF(F34>=Shop_Categories!$D$9,5,IF(F34>=Shop_Categories!$D$8,4,IF(F34>=Shop_Categories!$D$7,3,IF(F34>=Shop_Categories!$D$6,2,1))))))))) -> 3 | H34: Mid Game
A35: 31 | B35: =Parameters!$B$37*(Parameters!$B$38/24) -> 1.6666667 | C35: =MIN(60-B35,Parameters!$B$30*60/24) -> 20 | D35: =0.5*POWER(Parameters!$B$42,31)*Parameters!$B$40 -> 353.40969 | E35: =D35*(B35*60 + C35*60*Parameters!$B$31) -> 247386.78 | F35: =F34+E35 -> 1235758.9 | G35: =IF(F35>=Shop_Categories!$D$14,10,IF(F35>=Shop_Categories!$D$13,9,IF(F35>=Shop_Categories!$D$12,8,IF(F35>=Shop_Categories!$D$11,7,IF(F35>=Shop_Categories!$D$10,6,IF(F35>=Shop_Categories!$D$9,5,IF(F35>=Shop_Categories!$D$8,4,IF(F35>=Shop_Categories!$D$7,3,IF(F35>=Shop_Categories!$D$6,2,1))))))))) -> 4 | H35: Mid Game
A36: 32 | B36: =Parameters!$B$37*(Parameters!$B$38/24) -> 1.6666667 | C36: =MIN(60-B36,Parameters!$B$30*60/24) -> 20 | D36: =0.5*POWER(Parameters!$B$42,32)*Parameters!$B$40 -> 441.76211 | E36: =D36*(B36*60 + C36*60*Parameters!$B$31) -> 309233.47 | F36: =F35+E36 -> 1544992.4 | G36: =IF(F36>=Shop_Categories!$D$14,10,IF(F36>=Shop_Categories!$D$13,9,IF(F36>=Shop_Categories!$D$12,8,IF(F36>=Shop_Categories!$D$11,7,IF(F36>=Shop_Categories!$D$10,6,IF(F36>=Shop_Categories!$D$9,5,IF(F36>=Shop_Categories!$D$8,4,IF(F36>=Shop_Categories!$D$7,3,IF(F36>=Shop_Categories!$D$6,2,1))))))))) -> 4 | H36: Mid Game
A37: 33 | B37: =Parameters!$B$37*(Parameters!$B$38/24) -> 1.6666667 | C37: =MIN(60-B37,Parameters!$B$30*60/24) -> 20 | D37: =0.5*POWER(Parameters!$B$42,33)*Parameters!$B$40 -> 552.20263 | E37: =D37*(B37*60 + C37*60*Parameters!$B$31) -> 386541.84 | F37: =F36+E37 -> 1931534.2 | G37: =IF(F37>=Shop_Categories!$D$14,10,IF(F37>=Shop_Categories!$D$13,9,IF(F37>=Shop_Categories!$D$12,8,IF(F37>=Shop_Categories!$D$11,7,IF(F37>=Shop_Categories!$D$10,6,IF(F37>=Shop_Categories!$D$9,5,IF(F37>=Shop_Categories!$D$8,4,IF(F37>=Shop_Categories!$D$7,3,IF(F37>=Shop_Categories!$D$6,2,1))))))))) -> 4 | H37: Mid Game
A38: 34 | B38: =Parameters!$B$37*(Parameters!$B$38/24) -> 1.6666667 | C38: =MIN(60-B38,Parameters!$B$30*60/24) -> 20 | D38: =0.5*POWER(Parameters!$B$42,34)*Parameters!$B$40 -> 690.25329 | E38: =D38*(B38*60 + C38*60*Parameters!$B$31) -> 483177.3 | F38: =F37+E38 -> 2414711.5 | G38: =IF(F38>=Shop_Categories!$D$14,10,IF(F38>=Shop_Categories!$D$13,9,IF(F38>=Shop_Categories!$D$12,8,IF(F38>=Shop_Categories!$D$11,7,IF(F38>=Shop_Categories!$D$10,6,IF(F38>=Shop_Categories!$D$9,5,IF(F38>=Shop_Categories!$D$8,4,IF(F38>=Shop_Categories!$D$7,3,IF(F38>=Shop_Categories!$D$6,2,1))))))))) -> 4 | H38: Mid Game
A39: 35 | B39: =Parameters!$B$37*(Parameters!$B$38/24) -> 1.6666667 | C39: =MIN(60-B39,Parameters!$B$30*60/24) -> 20 | D39: =0.5*POWER(Parameters!$B$42,35)*Parameters!$B$40 -> 862.81662 | E39: =D39*(B39*60 + C39*60*Parameters!$B$31) -> 603971.63 | F39: =F38+E39 -> 3018683.2 | G39: =IF(F39>=Shop_Categories!$D$14,10,IF(F39>=Shop_Categories!$D$13,9,IF(F39>=Shop_Categories!$D$12,8,IF(F39>=Shop_Categories!$D$11,7,IF(F39>=Shop_Categories!$D$10,6,IF(F39>=Shop_Categories!$D$9,5,IF(F39>=Shop_Categories!$D$8,4,IF(F39>=Shop_Categories!$D$7,3,IF(F39>=Shop_Categories!$D$6,2,1))))))))) -> 4 | H39: Mid Game
A40: 36 | B40: =Parameters!$B$37*(Parameters!$B$38/24) -> 1.6666667 | C40: =MIN(60-B40,Parameters!$B$30*60/24) -> 20 | D40: =0.5*POWER(Parameters!$B$42,36)*Parameters!$B$40 -> 1078.5208 | E40: =D40*(B40*60 + C40*60*Parameters!$B$31) -> 754964.54 | F40: =F39+E40 -> 3773647.7 | G40: =IF(F40>=Shop_Categories!$D$14,10,IF(F40>=Shop_Categories!$D$13,9,IF(F40>=Shop_Categories!$D$12,8,IF(F40>=Shop_Categories!$D$11,7,IF(F40>=Shop_Categories!$D$10,6,IF(F40>=Shop_Categories!$D$9,5,IF(F40>=Shop_Categories!$D$8,4,IF(F40>=Shop_Categories!$D$7,3,IF(F40>=Shop_Categories!$D$6,2,1))))))))) -> 4 | H40: Late Game
A41: 37 | B41: =Parameters!$B$37*(Parameters!$B$38/24) -> 1.6666667 | C41: =MIN(60-B41,Parameters!$B$30*60/24) -> 20 | D41: =0.5*POWER(Parameters!$B$42,37)*Parameters!$B$40 -> 1348.151 | E41: =D41*(B41*60 + C41*60*Parameters!$B$31) -> 943705.67 | F41: =F40+E41 -> 4717353.4 | G41: =IF(F41>=Shop_Categories!$D$14,10,IF(F41>=Shop_Categories!$D$13,9,IF(F41>=Shop_Categories!$D$12,8,IF(F41>=Shop_Categories!$D$11,7,IF(F41>=Shop_Categories!$D$10,6,IF(F41>=Shop_Categories!$D$9,5,IF(F41>=Shop_Categories!$D$8,4,IF(F41>=Shop_Categories!$D$7,3,IF(F41>=Shop_Categories!$D$6,2,1))))))))) -> 4 | H41: Late Game
A42: 38 | B42: =Parameters!$B$37*(Parameters!$B$38/24) -> 1.6666667 | C42: =MIN(60-B42,Parameters!$B$30*60/24) -> 20 | D42: =0.5*POWER(Parameters!$B$42,38)*Parameters!$B$40 -> 1685.1887 | E42: =D42*(B42*60 + C42*60*Parameters!$B$31) -> 1179632.1 | F42: =F41+E42 -> 5896985.5 | G42: =IF(F42>=Shop_Categories!$D$14,10,IF(F42>=Shop_Categories!$D$13,9,IF(F42>=Shop_Categories!$D$12,8,IF(F42>=Shop_Categories!$D$11,7,IF(F42>=Shop_Categories!$D$10,6,IF(F42>=Shop_Categories!$D$9,5,IF(F42>=Shop_Categories!$D$8,4,IF(F42>=Shop_Categories!$D$7,3,IF(F42>=Shop_Categories!$D$6,2,1))))))))) -> 4 | H42: Late Game
A43: 39 | B43: =Parameters!$B$37*(Parameters!$B$38/24) -> 1.6666667 | C43: =MIN(60-B43,Parameters!$B$30*60/24) -> 20 | D43: =0.5*POWER(Parameters!$B$42,39)*Parameters!$B$40 -> 2106.4859 | E43: =D43*(B43*60 + C43*60*Parameters!$B$31) -> 1474540.1 | F43: =F42+E43 -> 7371525.6 | G43: =IF(F43>=Shop_Categories!$D$14,10,IF(F43>=Shop_Categories!$D$13,9,IF(F43>=Shop_Categories!$D$12,8,IF(F43>=Shop_Categories!$D$11,7,IF(F43>=Shop_Categories!$D$10,6,IF(F43>=Shop_Categories!$D$9,5,IF(F43>=Shop_Categories!$D$8,4,IF(F43>=Shop_Categories!$D$7,3,IF(F43>=Shop_Categories!$D$6,2,1))))))))) -> 4 | H43: Late Game
A44: 40 | B44: =Parameters!$B$37*(Parameters!$B$38/24) -> 1.6666667 | C44: =MIN(60-B44,Parameters!$B$30*60/24) -> 20 | D44: =0.5*POWER(Parameters!$B$42,40)*Parameters!$B$40 -> 2633.1073 | E44: =D44*(B44*60 + C44*60*Parameters!$B$31) -> 1843175.1 | F44: =F43+E44 -> 9214700.7 | G44: =IF(F44>=Shop_Categories!$D$14,10,IF(F44>=Shop_Categories!$D$13,9,IF(F44>=Shop_Categories!$D$12,8,IF(F44>=Shop_Categories!$D$11,7,IF(F44>=Shop_Categories!$D$10,6,IF(F44>=Shop_Categories!$D$9,5,IF(F44>=Shop_Categories!$D$8,4,IF(F44>=Shop_Categories!$D$7,3,IF(F44>=Shop_Categories!$D$6,2,1))))))))) -> 4 | H44: Late Game
A45: 41 | B45: =Parameters!$B$37*(Parameters!$B$38/24) -> 1.6666667 | C45: =MIN(60-B45,Parameters!$B$30*60/24) -> 20 | D45: =0.5*POWER(Parameters!$B$42,41)*Parameters!$B$40 -> 3291.3842 | E45: =D45*(B45*60 + C45*60*Parameters!$B$31) -> 2303968.9 | F45: =F44+E45 -> 11518670 | G45: =IF(F45>=Shop_Categories!$D$14,10,IF(F45>=Shop_Categories!$D$13,9,IF(F45>=Shop_Categories!$D$12,8,IF(F45>=Shop_Categories!$D$11,7,IF(F45>=Shop_Categories!$D$10,6,IF(F45>=Shop_Categories!$D$9,5,IF(F45>=Shop_Categories!$D$8,4,IF(F45>=Shop_Categories!$D$7,3,IF(F45>=Shop_Categories!$D$6,2,1))))))))) -> 4 | H45: Late Game
A46: 42 | B46: =Parameters!$B$37*(Parameters!$B$38/24) -> 1.6666667 | C46: =MIN(60-B46,Parameters!$B$30*60/24) -> 20 | D46: =0.5*POWER(Parameters!$B$42,42)*Parameters!$B$40 -> 4114.2302 | E46: =D46*(B46*60 + C46*60*Parameters!$B$31) -> 2879961.2 | F46: =F45+E46 -> 14398631 | G46: =IF(F46>=Shop_Categories!$D$14,10,IF(F46>=Shop_Categories!$D$13,9,IF(F46>=Shop_Categories!$D$12,8,IF(F46>=Shop_Categories!$D$11,7,IF(F46>=Shop_Categories!$D$10,6,IF(F46>=Shop_Categories!$D$9,5,IF(F46>=Shop_Categories!$D$8,4,IF(F46>=Shop_Categories!$D$7,3,IF(F46>=Shop_Categories!$D$6,2,1))))))))) -> 4 | H46: Late Game
A47: 43 | B47: =Parameters!$B$37*(Parameters!$B$38/24) -> 1.6666667 | C47: =MIN(60-B47,Parameters!$B$30*60/24) -> 20 | D47: =0.5*POWER(Parameters!$B$42,43)*Parameters!$B$40 -> 5142.7878 | E47: =D47*(B47*60 + C47*60*Parameters!$B$31) -> 3599951.4 | F47: =F46+E47 -> 17998582 | G47: =IF(F47>=Shop_Categories!$D$14,10,IF(F47>=Shop_Categories!$D$13,9,IF(F47>=Shop_Categories!$D$12,8,IF(F47>=Shop_Categories!$D$11,7,IF(F47>=Shop_Categories!$D$10,6,IF(F47>=Shop_Categories!$D$9,5,IF(F47>=Shop_Categories!$D$8,4,IF(F47>=Shop_Categories!$D$7,3,IF(F47>=Shop_Categories!$D$6,2,1))))))))) -> 4 | H47: Late Game
A48: 44 | B48: =Parameters!$B$37*(Parameters!$B$38/24) -> 1.6666667 | C48: =MIN(60-B48,Parameters!$B$30*60/24) -> 20 | D48: =0.5*POWER(Parameters!$B$42,44)*Parameters!$B$40 -> 6428.4847 | E48: =D48*(B48*60 + C48*60*Parameters!$B$31) -> 4499939.3 | F48: =F47+E48 -> 22498522 | G48: =IF(F48>=Shop_Categories!$D$14,10,IF(F48>=Shop_Categories!$D$13,9,IF(F48>=Shop_Categories!$D$12,8,IF(F48>=Shop_Categories!$D$11,7,IF(F48>=Shop_Categories!$D$10,6,IF(F48>=Shop_Categories!$D$9,5,IF(F48>=Shop_Categories!$D$8,4,IF(F48>=Shop_Categories!$D$7,3,IF(F48>=Shop_Categories!$D$6,2,1))))))))) -> 4 | H48: Late Game
A49: 45 | B49: =Parameters!$B$37*(Parameters!$B$38/24) -> 1.6666667 | C49: =MIN(60-B49,Parameters!$B$30*60/24) -> 20 | D49: =0.5*POWER(Parameters!$B$42,45)*Parameters!$B$40 -> 8035.6059 | E49: =D49*(B49*60 + C49*60*Parameters!$B$31) -> 5624924.1 | F49: =F48+E49 -> 28123446 | G49: =IF(F49>=Shop_Categories!$D$14,10,IF(F49>=Shop_Categories!$D$13,9,IF(F49>=Shop_Categories!$D$12,8,IF(F49>=Shop_Categories!$D$11,7,IF(F49>=Shop_Categories!$D$10,6,IF(F49>=Shop_Categories!$D$9,5,IF(F49>=Shop_Categories!$D$8,4,IF(F49>=Shop_Categories!$D$7,3,IF(F49>=Shop_Categories!$D$6,2,1))))))))) -> 4 | H49: Late Game
A50: 46 | B50: =Parameters!$B$37*(Parameters!$B$38/24) -> 1.6666667 | C50: =MIN(60-B50,Parameters!$B$30*60/24) -> 20 | D50: =0.5*POWER(Parameters!$B$42,46)*Parameters!$B$40 -> 10044.507 | E50: =D50*(B50*60 + C50*60*Parameters!$B$31) -> 7031155.2 | F50: =F49+E50 -> 35154601 | G50: =IF(F50>=Shop_Categories!$D$14,10,IF(F50>=Shop_Categories!$D$13,9,IF(F50>=Shop_Categories!$D$12,8,IF(F50>=Shop_Categories!$D$11,7,IF(F50>=Shop_Categories!$D$10,6,IF(F50>=Shop_Categories!$D$9,5,IF(F50>=Shop_Categories!$D$8,4,IF(F50>=Shop_Categories!$D$7,3,IF(F50>=Shop_Categories!$D$6,2,1))))))))) -> 4 | H50: Late Game
A51: 47 | B51: =Parameters!$B$37*(Parameters!$B$38/24) -> 1.6666667 | C51: =MIN(60-B51,Parameters!$B$30*60/24) -> 20 | D51: =0.5*POWER(Parameters!$B$42,47)*Parameters!$B$40 -> 12555.634 | E51: =D51*(B51*60 + C51*60*Parameters!$B$31) -> 8788944 | F51: =F50+E51 -> 43943545 | G51: =IF(F51>=Shop_Categories!$D$14,10,IF(F51>=Shop_Categories!$D$13,9,IF(F51>=Shop_Categories!$D$12,8,IF(F51>=Shop_Categories!$D$11,7,IF(F51>=Shop_Categories!$D$10,6,IF(F51>=Shop_Categories!$D$9,5,IF(F51>=Shop_Categories!$D$8,4,IF(F51>=Shop_Categories!$D$7,3,IF(F51>=Shop_Categories!$D$6,2,1))))))))) -> 4 | H51: Late Game
A52: 48 | B52: =Parameters!$B$37*(Parameters!$B$38/24) -> 1.6666667 | C52: =MIN(60-B52,Parameters!$B$30*60/24) -> 20 | D52: =0.5*POWER(Parameters!$B$42,48)*Parameters!$B$40 -> 15694.543 | E52: =D52*(B52*60 + C52*60*Parameters!$B$31) -> 10986180 | F52: =F51+E52 -> 54929725 | G52: =IF(F52>=Shop_Categories!$D$14,10,IF(F52>=Shop_Categories!$D$13,9,IF(F52>=Shop_Categories!$D$12,8,IF(F52>=Shop_Categories!$D$11,7,IF(F52>=Shop_Categories!$D$10,6,IF(F52>=Shop_Categories!$D$9,5,IF(F52>=Shop_Categories!$D$8,4,IF(F52>=Shop_Categories!$D$7,3,IF(F52>=Shop_Categories!$D$6,2,1))))))))) -> 5 | H52: Late Game
A53: 49 | B53: =Parameters!$B$37*(Parameters!$B$38/24) -> 1.6666667 | C53: =MIN(60-B53,Parameters!$B$30*60/24) -> 20 | D53: =0.5*POWER(Parameters!$B$42,49)*Parameters!$B$40 -> 19618.179 | E53: =D53*(B53*60 + C53*60*Parameters!$B$31) -> 13732725 | F53: =F52+E53 -> 68662450 | G53: =IF(F53>=Shop_Categories!$D$14,10,IF(F53>=Shop_Categories!$D$13,9,IF(F53>=Shop_Categories!$D$12,8,IF(F53>=Shop_Categories!$D$11,7,IF(F53>=Shop_Categories!$D$10,6,IF(F53>=Shop_Categories!$D$9,5,IF(F53>=Shop_Categories!$D$8,4,IF(F53>=Shop_Categories!$D$7,3,IF(F53>=Shop_Categories!$D$6,2,1))))))))) -> 5 | H53: Late Game
A54: 50 | B54: =Parameters!$B$37*(Parameters!$B$38/24) -> 1.6666667 | C54: =MIN(60-B54,Parameters!$B$30*60/24) -> 20 | D54: =0.5*POWER(Parameters!$B$42,50)*Parameters!$B$40 -> 24522.723 | E54: =D54*(B54*60 + C54*60*Parameters!$B$31) -> 17165906 | F54: =F53+E54 -> 85828356 | G54: =IF(F54>=Shop_Categories!$D$14,10,IF(F54>=Shop_Categories!$D$13,9,IF(F54>=Shop_Categories!$D$12,8,IF(F54>=Shop_Categories!$D$11,7,IF(F54>=Shop_Categories!$D$10,6,IF(F54>=Shop_Categories!$D$9,5,IF(F54>=Shop_Categories!$D$8,4,IF(F54>=Shop_Categories!$D$7,3,IF(F54>=Shop_Categories!$D$6,2,1))))))))) -> 5 | H54: Late Game
A55: 51 | B55: =Parameters!$B$37*(Parameters!$B$38/24) -> 1.6666667 | C55: =MIN(60-B55,Parameters!$B$30*60/24) -> 20 | D55: =0.5*POWER(Parameters!$B$42,51)*Parameters!$B$40 -> 30653.404 | E55: =D55*(B55*60 + C55*60*Parameters!$B$31) -> 21457383 | F55: =F54+E55 -> 1.0728574e+08 | G55: =IF(F55>=Shop_Categories!$D$14,10,IF(F55>=Shop_Categories!$D$13,9,IF(F55>=Shop_Categories!$D$12,8,IF(F55>=Shop_Categories!$D$11,7,IF(F55>=Shop_Categories!$D$10,6,IF(F55>=Shop_Categories!$D$9,5,IF(F55>=Shop_Categories!$D$8,4,IF(F55>=Shop_Categories!$D$7,3,IF(F55>=Shop_Categories!$D$6,2,1))))))))) -> 5 | H55: Late Game
A56: 52 | B56: =Parameters!$B$37*(Parameters!$B$38/24) -> 1.6666667 | C56: =MIN(60-B56,Parameters!$B$30*60/24) -> 20 | D56: =0.5*POWER(Parameters!$B$42,52)*Parameters!$B$40 -> 38316.755 | E56: =D56*(B56*60 + C56*60*Parameters!$B$31) -> 26821728 | F56: =F55+E56 -> 1.3410747e+08 | G56: =IF(F56>=Shop_Categories!$D$14,10,IF(F56>=Shop_Categories!$D$13,9,IF(F56>=Shop_Categories!$D$12,8,IF(F56>=Shop_Categories!$D$11,7,IF(F56>=Shop_Categories!$D$10,6,IF(F56>=Shop_Categories!$D$9,5,IF(F56>=Shop_Categories!$D$8,4,IF(F56>=Shop_Categories!$D$7,3,IF(F56>=Shop_Categories!$D$6,2,1))))))))) -> 5 | H56: Late Game
A57: 53 | B57: =Parameters!$B$37*(Parameters!$B$38/24) -> 1.6666667 | C57: =MIN(60-B57,Parameters!$B$30*60/24) -> 20 | D57: =0.5*POWER(Parameters!$B$42,53)*Parameters!$B$40 -> 47895.944 | E57: =D57*(B57*60 + C57*60*Parameters!$B$31) -> 33527161 | F57: =F56+E57 -> 1.6763463e+08 | G57: =IF(F57>=Shop_Categories!$D$14,10,IF(F57>=Shop_Categories!$D$13,9,IF(F57>=Shop_Categories!$D$12,8,IF(F57>=Shop_Categories!$D$11,7,IF(F57>=Shop_Categories!$D$10,6,IF(F57>=Shop_Categories!$D$9,5,IF(F57>=Shop_Categories!$D$8,4,IF(F57>=Shop_Categories!$D$7,3,IF(F57>=Shop_Categories!$D$6,2,1))))))))) -> 5 | H57: Late Game
A58: 54 | B58: =Parameters!$B$37*(Parameters!$B$38/24) -> 1.6666667 | C58: =MIN(60-B58,Parameters!$B$30*60/24) -> 20 | D58: =0.5*POWER(Parameters!$B$42,54)*Parameters!$B$40 -> 59869.93 | E58: =D58*(B58*60 + C58*60*Parameters!$B$31) -> 41908951 | F58: =F57+E58 -> 2.0954358e+08 | G58: =IF(F58>=Shop_Categories!$D$14,10,IF(F58>=Shop_Categories!$D$13,9,IF(F58>=Shop_Categories!$D$12,8,IF(F58>=Shop_Categories!$D$11,7,IF(F58>=Shop_Categories!$D$10,6,IF(F58>=Shop_Categories!$D$9,5,IF(F58>=Shop_Categories!$D$8,4,IF(F58>=Shop_Categories!$D$7,3,IF(F58>=Shop_Categories!$D$6,2,1))))))))) -> 5 | H58: Late Game
A59: 55 | B59: =Parameters!$B$37*(Parameters!$B$38/24) -> 1.6666667 | C59: =MIN(60-B59,Parameters!$B$30*60/24) -> 20 | D59: =0.5*POWER(Parameters!$B$42,55)*Parameters!$B$40 -> 74837.412 | E59: =D59*(B59*60 + C59*60*Parameters!$B$31) -> 52386188 | F59: =F58+E59 -> 2.6192977e+08 | G59: =IF(F59>=Shop_Categories!$D$14,10,IF(F59>=Shop_Categories!$D$13,9,IF(F59>=Shop_Categories!$D$12,8,IF(F59>=Shop_Categories!$D$11,7,IF(F59>=Shop_Categories!$D$10,6,IF(F59>=Shop_Categories!$D$9,5,IF(F59>=Shop_Categories!$D$8,4,IF(F59>=Shop_Categories!$D$7,3,IF(F59>=Shop_Categories!$D$6,2,1))))))))) -> 5 | H59: Late Game
A60: 56 | B60: =Parameters!$B$37*(Parameters!$B$38/24) -> 1.6666667 | C60: =MIN(60-B60,Parameters!$B$30*60/24) -> 20 | D60: =0.5*POWER(Parameters!$B$42,56)*Parameters!$B$40 -> 93546.765 | E60: =D60*(B60*60 + C60*60*Parameters!$B$31) -> 65482735 | F60: =F59+E60 -> 3.274125e+08 | G60: =IF(F60>=Shop_Categories!$D$14,10,IF(F60>=Shop_Categories!$D$13,9,IF(F60>=Shop_Categories!$D$12,8,IF(F60>=Shop_Categories!$D$11,7,IF(F60>=Shop_Categories!$D$10,6,IF(F60>=Shop_Categories!$D$9,5,IF(F60>=Shop_Categories!$D$8,4,IF(F60>=Shop_Categories!$D$7,3,IF(F60>=Shop_Categories!$D$6,2,1))))))))) -> 5 | H60: Pre-Prestige
A61: 57 | B61: =Parameters!$B$37*(Parameters!$B$38/24) -> 1.6666667 | C61: =MIN(60-B61,Parameters!$B$30*60/24) -> 20 | D61: =0.5*POWER(Parameters!$B$42,57)*Parameters!$B$40 -> 116933.46 | E61: =D61*(B61*60 + C61*60*Parameters!$B$31) -> 81853419 | F61: =F60+E61 -> 4.0926592e+08 | G61: =IF(F61>=Shop_Categories!$D$14,10,IF(F61>=Shop_Categories!$D$13,9,IF(F61>=Shop_Categories!$D$12,8,IF(F61>=Shop_Categories!$D$11,7,IF(F61>=Shop_Categories!$D$10,6,IF(F61>=Shop_Categories!$D$9,5,IF(F61>=Shop_Categories!$D$8,4,IF(F61>=Shop_Categories!$D$7,3,IF(F61>=Shop_Categories!$D$6,2,1))))))))) -> 5 | H61: Pre-Prestige
A62: 58 | B62: =Parameters!$B$37*(Parameters!$B$38/24) -> 1.6666667 | C62: =MIN(60-B62,Parameters!$B$30*60/24) -> 20 | D62: =0.5*POWER(Parameters!$B$42,58)*Parameters!$B$40 -> 146166.82 | E62: =D62*(B62*60 + C62*60*Parameters!$B$31) -> 1.0231677e+08 | F62: =F61+E62 -> 5.115827e+08 | G62: =IF(F62>=Shop_Categories!$D$14,10,IF(F62>=Shop_Categories!$D$13,9,IF(F62>=Shop_Categories!$D$12,8,IF(F62>=Shop_Categories!$D$11,7,IF(F62>=Shop_Categories!$D$10,6,IF(F62>=Shop_Categories!$D$9,5,IF(F62>=Shop_Categories!$D$8,4,IF(F62>=Shop_Categories!$D$7,3,IF(F62>=Shop_Categories!$D$6,2,1))))))))) -> 5 | H62: Pre-Prestige
A63: 59 | B63: =Parameters!$B$37*(Parameters!$B$38/24) -> 1.6666667 | C63: =MIN(60-B63,Parameters!$B$30*60/24) -> 20 | D63: =0.5*POWER(Parameters!$B$42,59)*Parameters!$B$40 -> 182708.53 | E63: =D63*(B63*60 + C63*60*Parameters!$B$31) -> 1.2789597e+08 | F63: =F62+E63 -> 6.3947866e+08 | G63: =IF(F63>=Shop_Categories!$D$14,10,IF(F63>=Shop_Categories!$D$13,9,IF(F63>=Shop_Categories!$D$12,8,IF(F63>=Shop_Categories!$D$11,7,IF(F63>=Shop_Categories!$D$10,6,IF(F63>=Shop_Categories!$D$9,5,IF(F63>=Shop_Categories!$D$8,4,IF(F63>=Shop_Categories!$D$7,3,IF(F63>=Shop_Categories!$D$6,2,1))))))))) -> 5 | H63: Pre-Prestige
A64: 60 | B64: =Parameters!$B$37*(Parameters!$B$38/24) -> 1.6666667 | C64: =MIN(60-B64,Parameters!$B$30*60/24) -> 20 | D64: =0.5*POWER(Parameters!$B$42,60)*Parameters!$B$40 -> 228385.66 | E64: =D64*(B64*60 + C64*60*Parameters!$B$31) -> 1.5986996e+08 | F64: =F63+E64 -> 7.9934862e+08 | G64: =IF(F64>=Shop_Categories!$D$14,10,IF(F64>=Shop_Categories!$D$13,9,IF(F64>=Shop_Categories!$D$12,8,IF(F64>=Shop_Categories!$D$11,7,IF(F64>=Shop_Categories!$D$10,6,IF(F64>=Shop_Categories!$D$9,5,IF(F64>=Shop_Categories!$D$8,4,IF(F64>=Shop_Categories!$D$7,3,IF(F64>=Shop_Categories!$D$6,2,1))))))))) -> 5 | H64: Pre-Prestige

Sheet Prestige_Loop
A1: Prestige Loop — Innovation Points & Multipliers
A2: Pokazuje jak skaluje się prestige cycle. Zakładamy że każdy kolejny prestige osiągany przy ~3x większej kasie.
A4: Prestige # | B4: Total Earned ($) | C4: IP Gained This Prestige | D4: IP Cumulative | E4: Multiplier Active (%) | F4: Hours to Next Prestige (est)
A5: 1 | B5: =Parameters!$B$27 -> 1000000000 | C5: =FLOOR(POWER(B5/Parameters!$B$27,Parameters!$B$28),1) -> 1 | D5: =C5 -> 1 | E5: =D5*Parameters!$B$29*100 -> 2 | F5: 60
A6: 2 | B6: =B5*3 -> 3000000000 | C6: =FLOOR(POWER(B6/Parameters!$B$27,Parameters!$B$28),1) -> 1 | D6: =D5+C6 -> 2 | E6: =D6*Parameters!$B$29*100 -> 4 | F6: =60/(1+D6*Parameters!$B$29*0.5) -> 58.823529
A7: 3 | B7: =B6*3 -> 9000000000 | C7: =FLOOR(POWER(B7/Parameters!$B$27,Parameters!$B$28),1) -> 3 | D7: =D6+C7 -> 5 | E7: =D7*Parameters!$B$29*100 -> 10 | F7: =60/(1+D7*Parameters!$B$29*0.5) -> 57.142857
A8: 4 | B8: =B7*3 -> 27000000000 | C8: =FLOOR(POWER(B8/Parameters!$B$27,Parameters!$B$28),1) -> 5 | D8: =D7+C8 -> 10 | E8: =D8*Parameters!$B$29*100 -> 20 | F8: =60/(1+D8*Parameters!$B$29*0.5) -> 54.545455
A9: 5 | B9: =B8*3 -> 81000000000 | C9: =FLOOR(POWER(B9/Parameters!$B$27,Parameters!$B$28),1) -> 9 | D9: =D8+C9 -> 19 | E9: =D9*Parameters!$B$29*100 -> 38 | F9: =60/(1+D9*Parameters!$B$29*0.5) -> 50.420168
A10: 6 | B10: =B9*3 -> 243000000000 | C10: =FLOOR(POWER(B10/Parameters!$B$27,Parameters!$B$28),1) -> 15 | D10: =D9+C10 -> 34 | E10: =D10*Parameters!$B$29*100 -> 68 | F10: =60/(1+D10*Parameters!$B$29*0.5) -> 44.776119
A11: 7 | B11: =B10*3 -> 729000000000 | C11: =FLOOR(POWER(B11/Parameters!$B$27,Parameters!$B$28),1) -> 27 | D11: =D10+C11 -> 61 | E11: =D11*Parameters!$B$29*100 -> 122 | F11: =60/(1+D11*Parameters!$B$29*0.5) -> 37.267081
A12: 8 | B12: =B11*3 -> 2187000000000 | C12: =FLOOR(POWER(B12/Parameters!$B$27,Parameters!$B$28),1) -> 46 | D12: =D11+C12 -> 107 | E12: =D12*Parameters!$B$29*100 -> 214 | F12: =60/(1+D12*Parameters!$B$29*0.5) -> 28.985507
A13: 9 | B13: =B12*3 -> 6561000000000 | C13: =FLOOR(POWER(B13/Parameters!$B$27,Parameters!$B$28),1) -> 81 | D13: =D12+C13 -> 188 | E13: =D13*Parameters!$B$29*100 -> 376 | F13: =60/(1+D13*Parameters!$B$29*0.5) -> 20.833333
A14: 10 | B14: =B13*3 -> 19683000000000 | C14: =FLOOR(POWER(B14/Parameters!$B$27,Parameters!$B$28),1) -> 140 | D14: =D13+C14 -> 328 | E14: =D14*Parameters!$B$29*100 -> 656 | F14: =60/(1+D14*Parameters!$B$29*0.5) -> 14.018692
A15: 11 | B15: =B14*3 -> 59049000000000 | C15: =FLOOR(POWER(B15/Parameters!$B$27,Parameters!$B$28),1) -> 243 | D15: =D14+C15 -> 571 | E15: =D15*Parameters!$B$29*100 -> 1142 | F15: =60/(1+D15*Parameters!$B$29*0.5) -> 8.9418778
A16: 12 | B16: =B15*3 -> 177147000000000 | C16: =FLOOR(POWER(B16/Parameters!$B$27,Parameters!$B$28),1) -> 420 | D16: =D15+C16 -> 991 | E16: =D16*Parameters!$B$29*100 -> 1982 | F16: =60/(1+D16*Parameters!$B$29*0.5) -> 5.4995417
A17: 13 | B17: =B16*3 -> 531441000000000 | C17: =FLOOR(POWER(B17/Parameters!$B$27,Parameters!$B$28),1) -> 729 | D17: =D16+C17 -> 1720 | E17: =D17*Parameters!$B$29*100 -> 3440 | F17: =60/(1+D17*Parameters!$B$29*0.5) -> 3.2967033
... A24: 20 | B24: =B23*3 -> 1.1622615e+18 | C24: =FLOOR(POWER(B24/Parameters!$B$27,Parameters!$B$28),1) -> 34091 | D24: =D23+C24 -> 80654 | E24: =D24*Parameters!$B$29*100 -> 161308 | F24: =60/(1+D24*Parameters!$B$29*0.5) -> 0.074299725
A27: SUMMARY METRICS
A28: Total IP po 20 prestiżach | B28: =D24 -> 80654
A29: Total multiplier po 20 prestiżach (%) | B29: =E24 -> 161308
A30: Total godzin do 20 prestiżu | B30: =SUM(F5:F24) -> 449.1084
A31: Średnio godzin na prestiż | B31: =AVERAGE(F5:F24) -> 22.45542
